timestamp,turbine_id,wind_speed_ms,rpm,power_output_kw_,temperature_c,vibration_index
2023-01-06 14:40:00,T-009,2.2572832878467177,135.43699727080306,0,40.01,1.21
2023-01-09 11:20:00,T-012,2.7981922214287644,167.89153328572587,0,26.87,3.25
2023-01-10 04:00:00,T-010,2.544047655748204,152.64285934489226,0,38.76,2.42
2023-01-07 09:20:00,T-012,0.591462379718632,35.48774278311792,0,54.72,0.42
2023-01-04 01:40:00,T-010,0.6310487397566058,37.86292438539635,0,25.79,3.92
2023-01-02 16:40:00,T-007,0.5384919702715002,32.30951821629001,0,40.55,1.24
2023-01-04 08:30:00,T-004,2.6886639080551147,161.3198344833069,0,43.6,3.73
2023-01-08 06:00:00,T-010,0.04746327529674732,2.8477965178048392,0,47.42,1.91
2023-01-03 01:00:00,T-009,0.30658085908115695,18.394851544869418,0,49.24,3.24
2023-01-06 08:30:00,T-006,0.05254797258618671,3.1528783551712025,0,40.54,0.36
2023-01-01 13:10:00,T-010,2.871810788949977,172.3086473369986,0,43.23,2.01
2023-01-04 21:40:00,T-010,2.5213572188308007,151.28143312984804,0,24.04,0.21
2023-01-14 14:20:00,T-007,2.585960725212817,155.15764351276903,0,28.45,1.24
2023-01-10 16:40:00,T-014,1.9551319437329049,117.3079166239743,0,43.57,4.2
2023-01-08 07:50:00,T-007,2.716574376989022,162.9944626193413,0,54.5,1.35
2023-01-09 07:50:00,T-006,1.1915363322876331,71.49217993725799,0,45.99,1.08
2023-01-06 00:40:00,T-006,1.4396912447762196,86.38147468657317,0,39.82,2.96
2023-01-03 06:40:00,T-006,2.2802822353142913,136.8169341188575,0,32.45,4.52
2023-01-06 08:00:00,T-010,1.1228903014193778,67.37341808516267,0,33.42,3.06
2023-01-11 05:00:00,T-002,1.3858408100128674,83.15044860077205,0,34.44,4.78
2023-01-12 13:20:00,T-010,0.03309484278739738,1.985690567243843,0,43.42,4.86
2023-01-06 03:20:00,T-014,1.027960464362746,61.67762786176476,0,550.0,2.22
2023-01-09 10:10:00,T-003,0.06868147492836074,4.120888495701644,0,46.86,4.6
2023-01-07 17:10:00,T-014,1.120529049115163,67.23174294690978,0,58.23,4.83
2023-01-09 19:00:00,T-004,2.809347521650982,168.5608512990589,0,53.99,0.34
2023-01-05 09:00:00,T-007,0.2921801776606565,17.530810659639393,0,51.42,4.27
2023-01-12 14:40:00,T-004,1.410957162305357,84.65742973832141,0,59.56,0.41
2023-01-12 03:10:00,T-010,1.4651823901948187,87.91094341168912,0,49.54,4.75
2023-01-04 18:40:00,T-004,0.13098497312208357,7.859098387325014,0,32.4,1.8
2023-01-10 01:20:00,T-010,0.7961622275645838,47.76973365387503,0,56.35,3.48
2023-01-13 13:30:00,T-012,1.3055411977660705,78.33247186596422,0,35.71,2.78
2023-01-04 20:20:00,T-006,1.2097840833714955,72.58704500228973,0,39.29,3.79
2023-01-05 15:50:00,T-006,1.3463327214942091,80.77996328965254,0,48.05,4.09
2023-01-01 10:10:00,T-007,0.691707587415057,41.50245524490342,0,53.04,3.81
2023-01-14 05:10:00,T-012,2.1754671826533443,130.52803095920066,0,35.0,3.35
2023-01-13 04:00:00,T-006,1.1142660056191374,66.85596033714825,0,42.29,2.07
2023-01-01 21:10:00,T-007,0.987154096109613,59.22924576657678,0,30.11,0.19
2023-01-03 06:10:00,T-012,2.8935614168106256,173.61368500863753,0,36.24,2.67
2023-01-03 20:20:00,T-003,1.1866352516399061,71.19811509839437,0,46.44,3.35
2023-01-06 11:50:00,T-010,2.4805166511356322,148.83099906813794,0,28.38,1.42
2023-01-11 01:00:00,T-009,0.31708043971882227,19.024826383129337,0,24.89,1.14
2023-01-14 18:00:00,T-006,1.634543277253547,98.07259663521282,0,55.48,1.93
2023-01-11 10:30:00,T-014,0.7662404540556585,45.97442724333951,0,30.32,0.53
2023-01-06 11:40:00,T-010,2.8226260690141944,169.35756414085168,0,51.95,0.92
2023-01-11 18:40:00,T-006,0.8213739225423196,49.282435352539174,0,50.87,3.64
2023-01-12 09:30:00,T-012,0.9327867900226625,55.96720740135975,0,57.81,4.35
2023-01-12 18:20:00,T-006,0.5006553535646128,30.039321213876768,0,52.64,2.02
2023-01-06 04:10:00,T-006,2.819459375780525,169.1675625468315,0,25.32,1.83
2023-01-05 17:20:00,T-004,1.0777522437487366,64.66513462492419,0,24.75,3.78
2023-01-04 04:20:00,T-009,2.4735421406905016,148.41252844143008,0,44.96,3.0
2023-01-10 18:50:00,T-009,0.3064485889726143,18.386915338356857,0,32.91,2.05
2023-01-11 03:10:00,T-010,2.4063916743827622,144.38350046296574,0,45.29,1.49
2023-01-14 22:10:00,T-002,0.2824557303770937,16.947343822625623,0,37.61,1.52
2023-01-10 13:30:00,T-007,1.1142257029504221,66.85354217702533,0,54.85,4.04
2023-01-05 06:40:00,T-004,1.21593054925723,72.9558329554338,0,50.51,4.88
2023-01-12 14:20:00,T-014,2.2687939736743576,136.12763842046147,0,50.46,2.2
2023-01-14 22:20:00,T-002,1.030989577827309,61.85937466963854,0,37.53,0.98
2023-01-08 02:50:00,T-010,1.9138823799479103,114.83294279687462,0,53.08,0.24
2023-01-10 07:00:00,T-002,0.5306614354315632,31.83968612589379,0,23.04,0.28
2023-01-11 02:40:00,T-010,1.9771066026110424,118.62639615666255,0,22.29,3.89
2023-01-03 00:00:00,T-012,0.0030884395369001894,0.18530637221401136,0,49.9,0.47
2023-01-02 23:30:00,T-002,0.7575262490651467,45.451574943908795,0,46.07,0.48
2023-01-04 14:30:00,T-014,1.315821649468615,78.9492989681169,0,41.26,3.71
2023-01-10 21:50:00,T-012,2.3435112713607578,140.61067628164545,0,22.69,0.49
2023-01-01 09:20:00,T-014,0.19495922844868208,11.697553706920925,0,58.72,1.18
2023-01-13 04:20:00,T-006,2.404100747458557,144.24604484751342,0,31.89,3.29
2023-01-04 13:00:00,T-014,1.4427114943469546,86.56268966081727,0,40.83,1.14
2023-01-14 15:00:00,T-010,2.2478511380873294,134.87106828523977,0,55.16,1.35
2023-01-07 17:10:00,T-014,1.120529049115163,67.23174294690978,0,58.23,4.83
2023-01-04 03:00:00,T-010,0.2172488164390245,13.03492898634147,0,45.91,2.26
2023-01-06 02:00:00,T-010,2.9192932442110395,175.15759465266237,0,59.63,1.71
2023-01-03 10:20:00,T-014,1.414597380307538,84.87584281845228,0,36.38,0.94
2023-01-01 16:50:00,T-010,2.692308444138612,161.5385066483167,0,24.42,4.12
2023-01-08 15:40:00,T-009,1.0007086484166012,60.04251890499607,0,22.5,2.54
2023-01-05 17:40:00,T-012,1.8166144729346485,108.99686837607891,0,34.65,0.49
2023-01-14 17:30:00,T-004,2.6164071000674296,156.9844260040458,0,38.63,4.67
2023-01-04 05:30:00,T-014,2.9323991589443574,175.94394953666145,0,26.53,0.28
2023-01-07 06:00:00,T-006,2.240627148407468,134.43762890444808,0,550.0,0.87
2023-01-07 20:30:00,T-006,2.3098341007550367,138.5900460453022,0,24.36,0.78
2023-01-06 23:00:00,T-012,0.04400117113879143,2.6400702683274857,0,57.88,4.02
2023-01-13 02:20:00,T-010,1.1203877884325202,67.22326730595121,0,22.0,0.74
2023-01-03 10:10:00,T-006,1.688250859030148,-999.0,0,35.74,3.13
2023-01-08 20:00:00,T-003,1.1475788407320247,68.85473044392148,0,43.89,3.58
2023-01-02 05:10:00,T-006,0.7358565967660037,44.15139580596022,0,21.37,4.53
2023-01-12 22:40:00,T-007,1.7981068969888017,107.8864138193281,0,52.29,1.2
2023-01-11 00:30:00,T-009,2.6473783213682993,158.84269928209795,0,36.17,4.86
2023-01-10 12:50:00,T-012,0.19385003953225843,11.631002371935505,0,43.94,1.58
2023-01-11 12:00:00,T-007,2.879479554227787,172.76877325366723,0,54.76,3.47
2023-01-14 23:00:00,T-012,1.1721850968408396,70.33110581045038,0,20.45,0.79
2023-01-03 04:30:00,T-006,2.6041629675968787,156.24977805581273,0,56.53,0.9
2023-01-10 11:10:00,T-006,0.9705011847344213,58.23007108406527,0,22.52,3.75
2023-01-09 21:00:00,T-014,1.8076594915285948,108.45956949171568,0,53.13,2.03
2023-01-08 23:40:00,T-004,0.2787874331381698,16.727245988290186,0,,
2023-01-03 08:50:00,T-006,2.2375110360928927,134.25066216557357,0,30.39,3.46
2023-01-12 05:50:00,T-012,0.45470811476302075,27.282486885781246,0,45.88,3.19
2023-01-06 17:20:00,T-007,0.9515871502961958,57.09522901777175,0,47.95,4.68
2023-01-12 00:20:00,T-004,0.5417837945259026,32.507027671554155,0,57.22,4.65
2023-01-11 06:40:00,T-007,1.2363927907883148,74.18356744729888,0,49.45,4.61
2023-01-11 22:40:00,T-007,0.6631901143611854,39.79140686167112,0,40.59,2.37
2023-01-07 02:10:00,T-012,2.74270954785441,164.5625728712646,0,29.45,2.06
2023-01-13 22:50:00,T-009,2.5592688702109516,153.5561322126571,0,34.27,1.11
2023-01-03 00:30:00,T-007,0.47681484983026956,28.608890989816175,0,33.55,2.45
2023-01-08 08:00:00,T-010,2.3178681823481475,139.07209094088884,0,44.36,2.89
2023-01-03 13:40:00,T-010,0.8825039200304337,52.95023520182602,0,29.31,3.87
2023-01-04 18:00:00,T-006,2.6154983369193636,156.9299002151618,0,24.88,3.29
2023-01-12 23:00:00,T-012,0.06879843380412609,4.1279060282475655,0,28.92,3.28
2023-01-04 19:40:00,T-006,1.4798305403513987,88.78983242108393,0,37.93,1.06
2023-01-08 14:30:00,T-010,1.0888328155379758,65.32996893227855,0,24.98,4.99
2023-01-05 09:20:00,T-014,1.7787551994953454,106.72531196972072,0,29.96,1.03
2023-01-03 14:50:00,T-009,0.556376624029963,33.382597441797785,0,47.64,0.12
2023-01-07 08:10:00,T-012,2.8639800900999224,171.83880540599534,0,49.52,1.82
2023-01-12 08:50:00,T-007,2.6394494578258163,158.36696746954897,0,,
2023-01-14 10:00:00,T-003,1.2119336289796447,72.71601773877869,0,55.85,3.43
2023-01-12 12:10:00,T-004,1.6160870020291171,96.96522012174702,0,53.39,0.19
2023-01-03 06:00:00,T-009,2.5720802762774957,154.32481657664974,0,56.76,2.07
2023-01-14 14:50:00,T-006,1.380486793465319,82.82920760791914,0,50.64,0.91
2023-01-06 00:10:00,T-003,1.754012101327766,105.24072607966596,0,26.57,2.97
2023-01-03 07:40:00,T-012,0.9358559714853913,56.15135828912348,0,38.21,0.98
2023-01-11 14:50:00,T-009,1.4580465089326198,87.4827905359572,0,42.02,2.62
2023-01-12 06:10:00,T-006,1.7315183498626503,103.89110099175902,0,29.78,1.0
2023-01-05 16:50:00,T-010,1.7636531133311608,105.81918679986966,0,24.51,1.17
2023-01-11 13:30:00,T-006,0.966646510333885,57.998790620033105,0,52.93,3.85
2023-01-04 01:30:00,T-012,1.4470691446547748,86.82414867928648,0,25.83,2.83
2023-01-05 19:40:00,T-007,2.5926485330225066,155.5589119813504,0,30.52,1.1
2023-01-06 22:20:00,T-010,1.6370606654864202,98.22363992918521,0,48.24,1.3
2023-01-07 02:50:00,T-014,0.3267550255401943,19.60530153241166,0,23.55,1.81
2023-01-02 03:10:00,T-006,1.986336030319694,119.18016181918163,0,48.05,3.2
2023-01-02 03:50:00,T-010,2.5934786409220454,155.60871845532273,0,48.15,0.1
2023-01-13 06:50:00,T-007,2.973379295463911,178.40275772783465,0,40.72,3.18
2023-01-08 13:30:00,T-010,1.370575934641106,82.23455607846635,0,42.1,0.76
2023-01-09 05:20:00,T-010,2.6200099851715435,157.20059911029261,0,54.98,2.97
2023-01-05 06:50:00,T-006,1.8055661509860257,108.33396905916155,0,20.11,3.59
2023-01-12 01:00:00,T-007,0.9601794975629504,57.61076985377702,0,50.3,3.12
2023-01-11 05:50:00,T-010,2.8269461690195783,169.6167701411747,0,20.94,0.61
2023-01-06 18:30:00,T-003,0.8906078236808423,53.43646942085054,0,53.26,4.83
2023-01-14 13:30:00,T-007,1.9925637435162522,119.55382461097513,0,51.98,1.77
2023-01-13 21:00:00,T-003,1.1136212816699949,66.81727690019969,0,48.6,2.79
2023-01-06 05:00:00,T-010,0.5650472512968043,33.90283507780826,0,49.99,0.37
2023-01-09 10:50:00,T-012,0.6708433034889337,40.250598209336026,0,53.27,2.46
2023-01-14 01:50:00,T-007,1.6449617511792727,98.69770507075636,0,28.54,0.77
2023-01-07 21:50:00,T-006,2.1958742027569036,131.7524521654142,0,33.35,4.23
2023-01-10 21:20:00,T-012,0.7591752984023536,45.550517904141216,0,51.14,2.72
2023-01-12 10:00:00,T-012,2.2270441517175277,133.62264910305166,0,38.24,2.41
2023-01-07 19:30:00,T-004,1.9398177402685803,116.38906441611482,0,29.23,4.65
2023-01-14 03:00:00,T-010,1.1803435396907747,70.82061238144648,0,54.39,4.68
2023-01-02 01:10:00,T-002,2.9744260054351446,178.4655603261087,0,54.91,0.22
2023-01-14 15:40:00,T-009,2.3609104047529987,141.65462428517992,0,,
2023-01-05 13:50:00,T-003,1.189979329030686,71.39875974184116,0,45.22,3.84
2023-01-01 22:40:00,T-006,0.8441728817325803,50.65037290395482,0,36.34,0.85
2023-01-10 07:10:00,T-012,1.1612362810068926,69.67417686041355,0,51.12,2.71
2023-01-04 10:20:00,T-007,2.805605445898379,168.33632675390274,0,28.8,2.1
2023-01-04 21:00:00,T-012,1.2551993660029581,75.31196196017748,0,31.8,0.68
2023-01-12 18:30:00,T-006,0.5439578397765157,32.63747038659094,0,37.62,0.59
2023-01-12 20:00:00,T-014,2.6227874118307133,157.3672447098428,0,57.64,2.97
2023-01-08 16:20:00,T-012,0.2663021823233054,15.978130939398323,0,43.42,4.12
2023-01-11 08:40:00,T-014,1.5439727597205346,92.63836558323207,0,32.48,2.93
2023-01-06 09:10:00,T-010,2.4926315740251166,149.557894441507,0,22.98,1.46
2023-01-11 02:10:00,T-010,0.1434924611823164,8.609547670938984,0,27.54,4.24
2023-01-07 15:00:00,T-010,2.3993432862720647,143.9605971763239,0,59.96,1.54
2023-01-07 13:10:00,T-007,2.930175715987737,175.8105429592642,0,50.79,2.23
2023-01-09 08:10:00,T-009,1.8838501583179075,113.03100949907444,0,41.18,2.44
2023-01-14 10:20:00,T-007,2.375099965360055,142.5059979216033,0,44.45,2.12
2023-01-04 15:20:00,T-012,1.9508825576203617,117.0529534572217,0,28.66,4.91
2023-01-07 08:00:00,T-003,0.21384081016549172,12.830448609929503,0,34.81,1.94
2023-01-13 23:40:00,T-007,1.6859785424004203,101.15871254402522,0,20.09,3.36
2023-01-04 17:30:00,T-014,2.2328371967848666,133.970231807092,0,27.99,4.41
2023-01-10 22:00:00,T-010,2.4753965877861113,148.5237952671667,0,24.22,3.08
2023-01-09 16:30:00,T-014,1.4347020691442167,86.08212414865301,0,23.82,4.04
2023-01-05 13:20:00,T-003,1.7961419403003227,107.76851641801936,0,59.39,3.93
2023-01-12 03:00:00,T-007,2.8953892263809897,173.72335358285937,0,57.01,0.9
2023-01-02 05:20:00,T-006,0.4720219791075779,28.321318746454676,0,35.45,4.87
2023-01-09 11:00:00,T-003,2.8719686636837616,172.3181198210257,0,23.66,4.06
2023-01-12 12:20:00,T-007,1.5724775121784869,94.34865073070921,0,43.49,3.39
2023-01-06 17:50:00,T-002,2.606701876621713,-999.0,0,22.91,2.25
2023-01-09 13:30:00,T-009,2.487997215423851,149.27983292543107,0,35.49,0.42
2023-01-11 17:20:00,T-006,1.1279786698239342,67.67872018943605,0,47.47,3.79
2023-01-01 19:40:00,T-006,0.8188781245689448,49.13268747413669,0,53.28,1.56
2023-01-14 01:00:00,T-003,0.25927383228763945,15.556429937258367,0,44.2,0.33
2023-01-08 13:00:00,T-006,0.6924875674620362,41.54925404772217,0,51.58,0.43
2023-01-12 16:00:00,T-006,1.930095539735353,115.80573238412117,0,20.15,3.69
2023-01-13 09:30:00,T-012,2.100755878333563,126.0453527000138,0,53.29,1.95
2023-01-03 01:30:00,T-010,2.562629323384698,153.75775940308188,0,54.14,4.8
2023-01-07 19:50:00,T-010,1.0823175573317996,64.93905343990798,0,29.2,3.67
2023-01-11 21:30:00,T-006,0.7752948608754543,46.517691652527255,0,36.97,0.18
2023-01-05 00:40:00,T-006,1.5145346456790534,90.8720787407432,0,39.73,1.72
2023-01-07 12:40:00,T-009,1.1997156204124686,71.98293722474811,0,54.93,3.71
2023-01-09 08:20:00,T-002,2.022911419227145,121.3746851536287,0,23.13,0.22
2023-01-12 16:30:00,T-006,2.3411993284418235,140.4719597065094,0,54.11,2.66
2023-01-01 15:00:00,T-012,1.5750945025808045,94.50567015484827,0,32.3,1.84
2023-01-02 17:10:00,T-009,2.2610965021515574,135.66579012909344,0,52.56,2.6
2023-01-02 20:20:00,T-012,2.0281567715602633,121.6894062936158,0,39.54,4.73
2023-01-05 22:40:00,T-004,0.5400313124181705,32.40187874509023,0,35.24,3.97
2023-01-09 21:50:00,T-006,1.6933232720366473,101.59939632219884,0,28.88,3.17
2023-01-09 18:10:00,T-010,2.330170891415078,139.81025348490468,0,46.75,4.02
2023-01-03 14:20:00,T-012,2.902533790841333,174.15202745047998,0,25.65,2.33
2023-01-11 23:10:00,T-006,2.9351918364017875,176.11151018410726,0,22.51,4.64
2023-01-13 18:00:00,T-012,0.04020787929649683,2.4124727577898097,0,55.79,3.77
2023-01-14 19:20:00,T-010,0.4848594338576143,29.09156603145686,0,32.01,3.28
2023-01-06 13:30:00,T-009,0.9543346608543585,57.260079651261506,0,43.92,2.83
2023-01-02 19:50:00,T-014,0.22408325327356204,13.444995196413723,0,41.18,0.33
2023-01-10 02:30:00,T-010,0.6866838145398408,41.20102887239045,0,39.27,0.7
2023-01-10 12:10:00,T-007,1.8878964180322084,113.2737850819325,0,52.42,4.86
2023-01-11 06:10:00,T-010,1.064524080770671,63.871444846240266,0,50.01,2.97
2023-01-03 17:00:00,T-006,0.6766204273312063,40.59722563987238,0,43.77,4.71
2023-01-08 08:10:00,T-007,0.7946863417102003,47.681180502612015,0,30.31,2.77
2023-01-04 03:50:00,T-006,0.24752560332126383,14.85153619927583,0,54.42,3.17
2023-01-05 11:30:00,T-012,0.9364441700893412,56.18665020536047,0,49.84,3.43
2023-01-10 01:30:00,T-010,0.5332991635537446,31.99794981322468,0,57.04,4.66
2023-01-02 01:50:00,T-006,2.6487188074123837,158.923128444743,0,43.26,0.33
2023-01-05 14:00:00,T-007,0.7110835713250085,42.66501427950051,0,46.3,3.15
2023-01-10 22:50:00,T-003,1.3503732972592788,81.02239783555673,0,59.9,1.4
2023-01-09 19:30:00,T-014,2.628315577794128,157.69893466764768,0,30.66,0.47
2023-01-11 11:00:00,T-007,0.7821398997597496,46.928393985584975,0,27.37,2.52
2023-01-12 15:00:00,T-006,0.37414217073417144,22.448530244050286,0,25.33,4.11
2023-01-02 12:10:00,T-012,0.7760649920937239,46.563899525623434,0,26.87,2.03
2023-01-11 17:30:00,T-010,1.6502758213744682,99.01654928246809,0,30.97,4.9
2023-01-04 17:00:00,T-012,1.4105477780899953,84.63286668539972,0,36.96,4.66
2023-01-03 16:30:00,T-002,1.8219193447880135,109.31516068728081,0,51.86,3.33
2023-01-04 15:50:00,T-007,1.4378367857288619,86.27020714373171,0,52.41,0.44
2023-01-03 04:00:00,T-006,0.39400537922813417,23.64032275368805,0,56.33,2.2
2023-01-12 02:10:00,T-010,0.32383114393939305,19.429868636363583,0,53.37,4.35
2023-01-06 16:50:00,T-007,1.3145170392359629,78.87102235415777,0,24.55,4.55
2023-01-06 06:00:00,T-007,0.4684915343765218,28.109492062591308,0,54.58,4.99
2023-01-01 14:50:00,T-010,1.7918222172910232,107.50933303746139,0,38.28,3.22
2023-01-10 04:40:00,T-006,2.3762809012816297,142.57685407689777,0,36.86,0.27
2023-01-10 10:30:00,T-006,0.5690845445240316,34.145072671441895,0,34.28,1.39
2023-01-03 02:20:00,T-010,0.8951232929699778,53.70739757819867,0,27.14,4.39
2023-01-10 20:30:00,T-007,0.2292505783141543,13.755034698849258,0,25.92,3.41
2023-01-07 17:20:00,T-007,1.579497582461343,94.76985494768059,0,34.07,4.14
2023-01-09 21:40:00,T-010,1.1593825234774413,69.56295140864648,0,25.84,2.36
2023-01-11 19:40:00,T-006,0.038144669960680555,2.2886801976408333,0,25.76,2.7
2023-01-09 07:10:00,T-012,1.1731282891745232,70.38769735047138,0,37.79,4.87
2023-01-11 08:50:00,T-006,2.696702472018706,161.80214832112236,0,27.56,3.94
2023-01-10 09:00:00,T-006,2.3710132075804444,142.26079245482666,0,39.77,2.95
2023-01-09 03:30:00,T-003,0.7171659965917968,43.02995979550781,0,35.13,3.65
2023-01-02 13:20:00,T-010,0.9793007295098789,58.758043770592735,0,20.81,3.73
2023-01-07 14:10:00,T-007,1.5674431215483549,94.0465872929013,0,56.52,4.78
2023-01-02 15:40:00,T-006,2.5203645082236563,151.22187049341937,0,58.84,0.97
2023-01-13 15:10:00,T-009,2.728170576025189,163.69023456151132,0,36.35,4.26
2023-01-12 20:30:00,T-010,1.5303291374964756,91.81974824978853,0,52.39,2.04
2023-01-05 05:50:00,T-014,2.507994191343628,150.4796514806177,0,30.49,1.71
2023-01-14 04:30:00,T-007,2.9386525211452708,176.31915126871624,0,49.22,3.06
2023-01-05 10:50:00,T-010,0.28578452386387887,17.14707143183273,0,29.79,3.54
2023-01-06 20:30:00,T-006,1.8294954164960835,109.76972498976501,0,34.11,4.55
2023-01-05 20:40:00,T-010,2.960078941071485,177.6047364642891,0,21.11,0.37
2023-01-02 14:50:00,T-010,0.8500288447967448,51.00173068780469,0,39.32,4.51
2023-01-10 15:30:00,T-014,0.3815992880623488,22.895957283740927,0,50.82,0.94
2023-01-09 13:20:00,T-009,2.694784881878118,161.68709291268706,0,42.27,2.58
2023-01-01 21:40:00,T-010,2.7947684649569697,167.6861078974182,0,38.7,4.36
2023-01-06 20:00:00,T-004,1.8906262449874327,113.43757469924596,0,58.4,1.43
2023-01-11 08:20:00,T-006,1.2728906576546644,76.37343945927987,0,40.88,4.42
2023-01-03 13:10:00,T-010,2.3903934835920824,143.42360901552493,0,55.74,4.14
2023-01-05 07:20:00,T-004,1.8976215996789183,113.8572959807351,0,47.24,4.26
2023-01-12 17:00:00,T-010,0.6516272930736317,39.097637584417896,0,42.76,2.91
2023-01-11 13:00:00,T-010,2.687443792115646,161.24662752693877,0,30.21,1.48
2023-01-09 14:00:00,T-010,0.9525943436302111,57.155660617812664,0,52.14,1.56
2023-01-10 22:10:00,T-002,1.4863563103829454,89.18137862297672,0,27.07,3.48
2023-01-11 09:30:00,T-012,0.6835272526293299,41.01163515775979,0,58.38,1.89
2023-01-14 08:20:00,T-007,1.2539698016114529,75.23818809668717,0,34.53,0.82
2023-01-09 19:50:00,T-010,2.5543459126537957,153.26075475922775,0,24.76,2.48
2023-01-08 20:30:00,T-014,0.35948700605293904,21.569220363176342,0,38.73,3.67
2023-01-12 07:40:00,T-010,2.43525665059713,146.11539903582778,0,43.19,4.15
2023-01-11 20:40:00,T-006,2.0143648046839298,120.86188828103579,0,21.17,4.71
2023-01-06 15:10:00,T-010,0.3273288952972492,19.63973371783495,0,25.41,4.95
2023-01-07 09:40:00,T-009,0.5836749695559029,35.02049817335418,0,53.42,0.69
2023-01-06 15:00:00,T-004,0.8660567865919143,51.96340719551486,0,41.18,4.95
2023-01-02 00:50:00,T-004,0.32840658016336166,19.7043948098017,0,55.68,1.06
2023-01-10 03:10:00,T-006,0.6624078893569174,39.74447336141505,0,26.71,0.74
2023-01-05 19:10:00,T-012,1.3391059395377567,80.3463563722654,0,56.44,1.51
2023-01-05 01:20:00,T-003,1.541987603426175,92.5192562055705,0,23.96,3.72
2023-01-07 16:00:00,T-006,0.555685339642229,33.34112037853374,0,27.33,1.25
2023-01-12 06:00:00,T-014,0.2812707619366699,16.876245716200195,0,26.96,3.19
2023-01-13 07:20:00,T-002,2.241658763226113,134.4995257935668,0,48.34,0.69
2023-01-01 17:50:00,T-010,0.10459548070147473,6.275728842088483,0,56.1,3.38
2023-01-12 22:00:00,T-012,0.15841188140558427,9.504712884335056,0,40.64,1.51
2023-01-11 01:40:00,T-006,1.329819262330855,79.7891557398513,0,45.31,0.44
2023-01-07 00:10:00,T-003,1.927727906841569,115.66367441049414,0,55.43,4.62
2023-01-08 22:10:00,T-012,2.3057994143655254,138.34796486193153,0,41.64,4.99
2023-01-14 09:10:00,T-007,1.6353165847820992,98.11899508692595,0,32.17,3.42
2023-01-05 08:40:00,T-004,0.20739835855985833,12.4439015135915,0,30.82,3.46
2023-01-01 17:00:00,T-010,1.3901422446468596,83.40853467881158,0,42.91,4.82
2023-01-06 04:30:00,T-010,0.4871456839869627,29.22874103921776,0,51.99,4.5
2023-01-14 10:30:00,T-002,1.6465159701601761,98.79095820961057,0,43.29,1.41
2023-01-10 19:00:00,T-009,1.9760764386223306,118.56458631733983,0,39.2,0.68
2023-01-10 07:40:00,T-006,2.891466826447053,173.48800958682318,0,45.58,4.45
2023-01-14 20:30:00,T-010,1.6805467751247356,100.83280650748414,0,53.5,4.45
2023-01-07 17:40:00,T-014,0.007752044534947156,0.46512267209682934,0,53.05,1.66
2023-01-09 17:40:00,T-003,0.23989618307790583,14.393770984674351,0,30.6,3.86
2023-01-01 09:50:00,T-007,1.2047407092764624,72.28444255658775,0,35.43,1.67
2023-01-10 01:40:00,T-006,2.074854166707958,124.49125000247747,0,23.64,0.93
2023-01-08 00:00:00,T-009,0.458951402485688,27.53708414914128,0,39.24,3.12
2023-01-04 12:50:00,T-012,2.3514976602565856,141.08985961539514,0,35.79,2.81
2023-01-06 21:00:00,T-006,1.6903167820453764,101.41900692272259,0,33.51,1.1
2023-01-14 08:30:00,T-006,0.26652073526269315,15.991244115761589,0,24.4,4.6
2023-01-03 15:50:00,T-004,0.0036955054992776626,0.22173032995665976,0,54.34,3.3
2023-01-02 05:50:00,T-012,0.4812003159902163,28.872018959412976,0,24.12,3.76
2023-01-12 15:30:00,T-003,1.1561276491420855,69.36765894852513,0,57.07,2.82
2023-01-10 22:20:00,T-002,1.1590467295449465,69.54280377269679,0,36.07,1.21
2023-01-01 22:50:00,T-012,0.7579472818826553,45.476836912959314,0,23.93,3.76
2023-01-13 01:30:00,T-010,0.6295259845692283,37.77155907415369,0,28.09,1.0
2023-01-11 08:30:00,T-007,0.24785299037780606,14.871179422668364,0,26.97,1.49
2023-01-04 14:00:00,T-002,0.4919984429684917,29.519906578109502,0,55.61,4.97
2023-01-04 10:50:00,T-002,2.8420513878931164,170.523083273587,0,54.93,1.6
2023-01-08 11:50:00,T-010,0.2097948171283024,12.587689027698143,0,24.84,1.7
2023-01-12 13:10:00,T-006,2.4980414080411295,149.88248448246776,0,56.31,3.81
2023-01-06 04:00:00,T-006,0.43062708611817857,25.837625167090714,0,41.82,2.31
2023-01-02 18:40:00,T-006,2.125716013807888,127.54296082847327,0,23.56,3.63
2023-01-04 16:50:00,T-014,0.9870523134439866,59.2231388066392,0,23.58,0.95
2023-01-13 03:30:00,T-004,0.7075727974310613,42.45436784586368,0,28.99,0.54
2023-01-06 11:10:00,T-007,1.8018286276387083,108.1097176583225,0,34.54,2.03
2023-01-11 09:40:00,T-006,2.9279725487963773,175.67835292778264,0,56.34,1.1
2023-01-13 06:40:00,T-006,2.057733813149591,123.46402878897547,0,36.83,1.2
2023-01-14 16:20:00,T-010,2.3819691491040182,142.9181489462411,0,46.21,0.72
2023-01-08 00:40:00,T-009,2.6077788739531576,156.46673243718945,0,50.2,4.26
2023-01-09 08:30:00,T-006,1.5974435776782785,95.84661466069672,0,49.63,2.48
2023-01-07 12:30:00,T-014,2.152907357725889,129.17444146355334,0,43.84,4.33
2023-01-02 04:10:00,T-012,1.5637809365412447,93.82685619247468,0,47.55,3.52
2023-01-07 20:40:00,T-009,1.6699111738101517,100.1946704286091,0,29.63,3.42
2023-01-11 04:30:00,T-003,1.1627856944483086,69.76714166689851,0,49.24,0.55
2023-01-08 18:30:00,T-009,2.46541933170326,147.92515990219562,0,37.4,1.99
2023-01-09 11:10:00,T-012,1.7191242867925478,103.14745720755286,0,57.41,0.89
2023-01-08 04:10:00,T-006,0.4253231805813056,25.519390834878337,0,59.5,0.2
2023-01-06 14:00:00,T-007,2.5993160025829365,155.95896015497618,0,50.13,3.04
2023-01-12 04:50:00,T-006,2.2745550332296123,136.47330199377674,0,50.95,1.9
2023-01-03 22:00:00,T-006,2.27117780283367,136.2706681700202,0,50.64,3.34
2023-01-13 11:00:00,T-007,2.3477458195540137,140.86474917324082,0,21.34,0.88
2023-01-09 03:20:00,T-006,1.0389653057670105,62.33791834602063,0,56.96,0.95
2023-01-03 18:40:00,T-014,2.9530542222087117,177.1832533325227,0,45.88,3.08
2023-01-08 19:10:00,T-007,0.9025593250597652,54.15355950358591,0,38.2,2.5
2023-01-02 11:00:00,T-002,0.0033603344403284607,0.20162006641970764,0,40.12,0.11
2023-01-10 23:50:00,T-006,2.6681727483865325,160.09036490319195,0,36.36,0.65
2023-01-03 16:00:00,T-007,1.7949817953672809,107.69890772203685,0,57.29,2.39
2023-01-06 15:20:00,T-004,1.9515349433751474,117.09209660250885,0,40.92,1.76
2023-01-05 08:20:00,T-002,1.5378456156174156,92.27073693704494,0,42.66,3.36
2023-01-02 22:30:00,T-010,0.19687843372203884,11.812706023322331,0,51.0,4.36
2023-01-14 15:10:00,T-012,0.8717626794190653,52.305760765143916,0,46.83,1.53
2023-01-08 14:40:00,T-006,2.9864414721127712,179.18648832676627,0,20.43,3.79
2023-01-03 10:40:00,T-006,0.4777372148377934,28.664232890267606,0,34.75,1.22
2023-01-03 18:00:00,T-006,1.7707918166568675,106.24750899941205,0,55.13,1.54
2023-01-06 00:30:00,T-010,1.192136965393203,71.52821792359218,0,58.34,3.91
2023-01-08 10:30:00,T-012,1.8514673501869403,111.08804101121642,0,55.72,1.24
2023-01-05 08:30:00,T-006,1.2390935239430911,74.34561143658547,0,49.41,3.42
2023-01-13 01:10:00,T-009,2.2377756264410236,134.26653758646142,0,40.51,4.24
2023-01-13 13:50:00,T-012,2.118057022992074,127.08342137952444,0,37.29,1.61
2023-01-01 10:40:00,T-003,2.4919275532518737,149.5156531951124,0,20.52,0.5
2023-01-01 20:40:00,T-010,0.10626710525563521,6.3760263153381125,0,48.58,3.43
2023-01-10 05:30:00,T-006,1.0627087213343236,63.76252328005941,0,23.36,3.52
2023-01-08 05:10:00,T-007,1.3281509003385814,79.68905402031488,0,39.61,1.43
2023-01-09 23:50:00,T-012,0.5119942756499952,30.719656538999715,0,25.64,0.51
2023-01-07 10:10:00,T-007,0.49899482322942645,29.939689393765587,0,38.46,2.91
2023-01-03 17:30:00,T-010,0.9777763918562247,58.66658351137348,0,56.82,3.2
2023-01-13 14:20:00,T-010,1.893511937870119,113.61071627220714,0,41.44,3.0
2023-01-14 14:10:00,T-004,0.2926875307178992,17.561251843073954,0,55.7,0.73
2023-01-09 07:00:00,T-006,1.6997260865142558,101.98356519085534,0,26.48,4.09
2023-01-02 12:50:00,T-007,0.25229467340395395,15.137680404237237,0,29.75,2.22
2023-01-02 11:40:00,T-006,2.269907411354804,136.19444468128825,0,41.38,3.99
2023-01-06 18:00:00,T-009,1.1270167556451796,67.62100533871077,0,48.4,2.52
2023-01-04 07:20:00,T-006,2.0111563750632366,120.6693825037942,0,27.84,4.86
2023-01-02 08:20:00,T-004,1.3964100263099506,83.78460157859703,0,23.72,1.17
2023-01-14 23:30:00,T-007,2.395032564672985,143.70195388037908,0,29.98,1.44
2023-01-11 19:00:00,T-010,2.027946826759066,121.67680960554397,0,37.73,0.26
2023-01-11 05:30:00,T-009,2.974765226610822,178.48591359664934,0,30.05,4.14
2023-01-07 16:50:00,T-010,0.2611168877629759,15.667013265778555,0,40.22,4.53
2023-01-13 16:00:00,T-006,0.17184075323287007,10.310445193972203,0,52.42,4.26
2023-01-14 12:00:00,T-003,2.5407561842656796,152.44537105594077,0,45.93,0.47
2023-01-13 15:50:00,T-012,0.021087611440857468,1.265256686451448,0,24.86,4.21
2023-01-02 17:40:00,T-010,2.3125623256229693,138.75373953737815,0,59.98,2.19
2023-01-13 04:40:00,T-007,2.2008474901269373,132.05084940761623,0,32.77,3.66
2023-01-05 03:00:00,T-002,2.3788682838168946,142.7320970290137,0,46.03,1.82
2023-01-08 16:50:00,T-010,2.264513459822543,135.87080758935258,0,42.2,1.54
2023-01-08 12:00:00,T-010,1.9205046714844982,115.2302802890699,0,45.08,3.5
2023-01-13 01:20:00,T-004,2.9459075713384357,176.75445428030613,0,41.75,3.09
2023-01-07 20:00:00,T-003,2.717673314363281,163.06039886179687,0,,
2023-01-14 00:30:00,T-002,2.315573178544864,138.93439071269182,0,28.52,0.52
2023-01-08 00:30:00,T-010,0.7057067544059544,42.34240526435727,0,47.55,2.11
2023-01-04 09:20:00,T-003,1.8388325245968178,110.32995147580907,0,26.2,4.79
2023-01-11 05:40:00,T-003,2.9122498730120103,174.73499238072063,0,36.17,4.0
2023-01-05 18:00:00,T-006,1.6005357758990868,96.03214655394521,0,51.08,1.14
2023-01-09 18:50:00,T-010,1.7828722516853241,106.97233510111946,0,25.15,4.62
2023-01-10 02:20:00,T-012,1.8995688780403923,113.97413268242354,0,23.69,4.04
2023-01-09 04:30:00,T-006,2.4758583246986907,148.55149948192144,0,39.82,4.24
2023-01-05 20:30:00,T-010,0.10256329781747453,6.153797869048471,0,50.61,1.42
2023-01-04 01:00:00,T-007,0.05510291082162,3.3061746492972,0,44.18,1.01
2023-01-12 07:50:00,T-007,2.22513618453879,133.5081710723274,0,53.99,2.96
2023-01-13 18:50:00,T-014,0.10886286784050647,6.531772070430389,0,40.44,3.75
2023-01-12 06:30:00,T-007,1.3014015367643155,78.08409220585892,0,27.08,2.61
2023-01-02 12:40:00,T-010,0.5793985937618792,34.76391562571275,0,21.34,2.96
2023-01-08 22:00:00,T-009,2.2115406750217295,132.69244050130376,0,45.65,0.21
2023-01-11 12:30:00,T-012,1.4347658837277713,86.08595302366628,0,44.46,0.47
2023-01-10 14:40:00,T-012,1.4980015049358548,89.8800902961513,0,22.4,4.58
2023-01-10 07:50:00,T-014,0.7457407731448262,44.744446388689575,0,52.68,4.12
2023-01-06 12:30:00,T-006,1.7315557101352446,103.89334260811468,0,57.03,3.9
2023-01-02 19:40:00,T-010,0.17376138167639488,10.425682900583693,0,,
2023-01-11 04:20:00,T-006,1.5257378683427354,91.54427210056413,0,44.1,0.25
2023-01-14 01:30:00,T-006,0.7103529279341562,42.62117567604937,0,44.68,4.27
2023-01-08 01:20:00,T-010,1.6060743055279825,96.36445833167895,0,51.2,1.68
2023-01-14 18:40:00,T-006,2.262323040948492,135.7393824569095,0,29.7,0.64
2023-01-10 17:40:00,T-012,1.1771811645854235,70.63086987512541,0,56.47,4.32
2023-01-10 05:10:00,T-010,1.2143952872555994,72.86371723533597,0,51.86,4.62
2023-01-09 01:10:00,T-012,1.5205152954614478,91.23091772768687,0,31.28,4.75
2023-01-03 21:30:00,T-010,1.9709515726934792,118.25709436160875,0,40.33,2.79
2023-01-08 16:10:00,T-010,1.7414250201500239,104.48550120900143,0,48.51,3.58
2023-01-07 15:20:00,T-004,0.8858348676609302,53.15009205965581,0,42.42,0.42
2023-01-08 09:30:00,T-006,1.1008682376144021,66.05209425686412,0,54.61,2.61
2023-01-02 14:10:00,T-012,2.4560382614995255,147.36229568997152,0,51.54,1.6
2023-01-04 11:50:00,T-006,1.4531953427221218,87.19172056332731,0,37.8,3.83
2023-01-11 01:10:00,T-006,2.964825813000394,177.88954878002363,0,31.22,3.6
2023-01-12 13:30:00,T-004,2.2486364534066645,134.91818720439989,0,46.49,4.24
2023-01-04 06:00:00,T-012,0.6025772695868825,36.15463617521295,0,59.44,0.75
2023-01-03 12:30:00,T-002,1.5910631811847682,95.46379087108609,0,57.76,4.75
2023-01-03 10:30:00,T-010,1.6296984173698745,97.78190504219248,0,20.11,0.59
2023-01-06 01:50:00,T-006,0.9693919712108356,58.16351827265014,0,57.26,3.91
2023-01-14 16:00:00,T-006,1.0679201213845582,64.0752072830735,0,36.59,4.87
2023-01-12 13:00:00,T-004,2.5198919408465477,151.19351645079286,0,24.05,3.78
2023-01-02 18:30:00,T-012,2.3129528775964063,138.77717265578437,0,59.32,4.63
2023-01-05 06:30:00,T-007,2.3280006211062885,139.6800372663773,0,54.4,3.83
2023-01-02 04:40:00,T-009,2.604482412154641,156.26894472927847,0,37.13,1.63
2023-01-05 17:00:00,T-014,2.8457500645543012,170.74500387325807,0,39.72,4.2
2023-01-11 18:30:00,T-014,0.49105140439590445,29.46308426375427,0,24.76,3.53
2023-01-03 03:20:00,T-006,2.3184683400504134,139.1081004030248,0,38.72,2.3
2023-01-04 03:30:00,T-003,1.6027266179293354,96.16359707576012,0,59.83,0.65
2023-01-07 16:40:00,T-006,1.2735822755890855,76.41493653534513,0,37.63,0.43
2023-01-08 11:00:00,T-010,1.3272298094420085,79.63378856652051,0,32.05,2.43
2023-01-02 09:20:00,T-012,0.015435512264144302,0.9261307358486581,0,22.21,4.95
2023-01-09 09:00:00,T-010,2.1642662019861953,129.85597211917172,0,35.96,0.57
2023-01-12 05:00:00,T-010,2.230271358229828,133.8162814937897,0,37.44,1.95
2023-01-10 03:00:00,T-012,0.697936615688043,41.87619694128258,0,42.68,2.83
2023-01-14 02:00:00,T-006,0.38396462560075917,23.03787753604555,0,35.84,1.18
2023-01-14 06:20:00,T-010,0.9260962301195858,55.56577380717515,0,30.16,3.66
2023-01-06 19:30:00,T-006,0.9851436836552432,59.10862101931459,0,48.86,1.53
2023-01-05 12:20:00,T-003,0.027091212388650754,1.6254727433190452,0,24.94,0.75
2023-01-07 17:00:00,T-012,2.4472459305128424,146.83475583077055,0,57.57,4.13
2023-01-14 01:40:00,T-006,2.1973461955142692,131.84077173085615,0,45.06,4.67
2023-01-11 16:30:00,T-010,0.3324238865394211,19.945433192365268,0,24.61,2.12
2023-01-14 00:00:00,T-012,0.945568563292077,56.734113797524614,0,20.63,2.36
2023-01-04 22:00:00,T-012,2.882341654460931,172.94049926765587,0,30.99,0.34
2023-01-14 07:00:00,T-003,2.9020685333648255,174.12411200188953,0,21.01,3.29
2023-01-07 19:40:00,T-014,0.5243203284821315,31.45921970892789,0,42.79,1.1
2023-01-13 06:20:00,T-009,1.4884991523396582,89.3099491403795,0,25.4,0.69
2023-01-01 11:40:00,T-006,0.14083607144343901,8.450164286606341,0,58.37,1.46
2023-01-02 19:10:00,T-014,1.4207216653052654,85.24329991831593,0,30.85,4.24
2023-01-02 16:10:00,T-007,1.1764536343355898,70.58721806013538,0,,
2023-01-12 14:50:00,T-009,1.5061506404653415,90.36903842792049,0,58.1,2.52
2023-01-10 23:20:00,T-007,0.6808940830960925,40.85364498576555,0,36.35,4.5
2023-01-14 02:30:00,T-010,2.64640684284618,158.7844105707708,0,50.29,1.76
2023-01-11 07:20:00,T-004,2.49160336921452,149.4962021528712,0,27.3,4.74
2023-01-12 08:20:00,T-010,0.5818616018033246,34.91169610819947,0,49.32,3.52
2023-01-01 13:50:00,T-010,2.402309061389625,144.13854368337752,0,37.67,0.67
2023-01-13 06:30:00,T-007,0.5347574007139247,32.08544404283548,0,22.0,4.24
2023-01-04 22:40:00,T-006,2.5387358760571477,152.32415256342887,0,41.44,3.88
2023-01-09 16:00:00,T-012,0.3652857333758244,21.917144002549463,0,46.47,4.16
2023-01-08 12:50:00,T-007,2.040395793310354,122.42374759862125,0,50.17,1.65
2023-01-13 05:50:00,T-010,1.9126597934106893,114.75958760464135,0,20.6,0.29
2023-01-02 05:20:00,T-006,0.4720219791075779,28.321318746454676,0,35.45,4.87
2023-01-05 00:10:00,T-014,2.303171664200341,138.19029985202044,0,59.33,0.81
2023-01-04 19:30:00,T-002,1.6274359071581026,97.64615442948616,0,58.63,4.42
2023-01-02 07:10:00,T-012,0.5676646193550177,34.05987716130106,0,26.26,4.28
2023-01-05 16:20:00,T-014,2.008171204378084,120.49027226268505,0,34.9,3.8
2023-01-12 12:30:00,T-006,2.5441433733923158,152.64860240353894,0,36.31,2.32
2023-01-02 17:30:00,T-006,0.5212604259227004,31.275625555362023,0,25.59,3.84
2023-01-03 08:10:00,T-010,0.9622282213143823,57.733693278862944,0,32.48,4.44
2023-01-05 03:40:00,T-006,2.976399949022017,178.58399694132103,0,51.77,2.24
2023-01-04 07:10:00,T-002,0.12355048583781503,7.413029150268901,0,52.56,4.35
2023-01-06 16:20:00,T-007,2.7770244926421355,166.62146955852813,0,59.43,2.7
2023-01-03 11:20:00,T-012,0.27349347121857503,16.4096082731145,0,43.73,2.22
2023-01-11 23:50:00,T-006,1.6734396765332098,100.40638059199259,0,22.02,1.93
2023-01-13 08:50:00,T-003,2.9389401451016504,176.336408706099,0,31.07,3.58
2023-01-10 14:00:00,T-010,0.7975534099629404,47.853204597776426,0,54.86,3.93
2023-01-12 08:00:00,T-007,2.644352339025064,158.66114034150385,0,30.42,1.58
2023-01-04 00:50:00,T-006,1.712713505532493,102.76281033194958,0,30.46,2.17
2023-01-01 10:00:00,T-010,2.5134772058497363,150.80863235098417,0,53.25,4.72
2023-01-10 12:40:00,T-014,0.5965688333258877,35.79412999955326,0,,
2023-01-08 06:30:00,T-010,1.0232700734226616,61.3962044053597,0,29.8,2.71
2023-01-08 02:40:00,T-006,0.6185584935552793,37.11350961331676,0,59.65,4.1
2023-01-07 22:30:00,T-007,2.014274008591843,120.85644051551058,0,45.96,4.89
2023-01-13 20:30:00,T-004,2.924503958343336,175.47023750060015,0,39.98,1.2
2023-01-09 05:30:00,T-012,0.48529263405632883,29.11755804337973,0,29.09,3.35
2023-01-11 15:00:00,T-009,2.7608915436582233,165.6534926194934,0,51.95,3.34
2023-01-13 02:50:00,T-010,0.36713027197553383,22.02781631853203,0,21.44,4.09
2023-01-01 19:00:00,T-006,1.372296293321122,82.33777759926733,0,57.05,0.85
2023-01-01 12:40:00,T-009,0.11019581227984088,6.611748736790453,0,22.05,1.36
2023-01-05 08:50:00,T-014,1.3114961664504796,78.68976998702878,0,53.92,1.31
2023-01-12 07:10:00,T-006,1.674126975446901,100.44761852681407,0,42.68,2.69
2023-01-02 01:00:00,T-007,2.683439792904202,161.00638757425213,0,52.3,4.03
2023-01-06 07:50:00,T-004,2.935893862201591,176.15363173209548,0,51.99,4.13
2023-01-09 01:40:00,T-006,0.3529470854206759,21.17682512524055,0,26.02,3.75
2023-01-02 07:20:00,T-012,2.6449113983110504,158.69468389866302,0,20.3,2.22
2023-01-11 14:30:00,T-012,1.4230083297186416,85.3804997831185,0,51.2,2.35
2023-01-01 16:10:00,T-010,1.4735590226058797,88.41354135635278,0,27.86,4.69
2023-01-08 19:40:00,T-010,2.9437091230329115,176.6225473819747,0,21.18,3.17
2023-01-02 00:10:00,T-006,1.5978075582022861,95.86845349213716,0,24.91,4.28
2023-01-12 21:20:00,T-010,0.6763162663910816,40.57897598346489,0,40.56,1.29
2023-01-08 09:00:00,T-012,1.203563742116948,72.21382452701688,0,39.92,1.23
2023-01-01 20:20:00,T-010,0.1331299905997103,7.987799435982619,0,36.52,4.18
2023-01-06 21:20:00,T-007,1.6454991649544302,98.72994989726581,0,58.31,4.82
2023-01-09 05:00:00,T-006,0.8391106154144377,50.34663692486626,0,23.08,3.6
2023-01-06 07:20:00,T-010,1.9848970511134403,119.09382306680642,0,56.93,3.61
2023-01-09 05:10:00,T-006,2.827161057306699,169.62966343840196,0,21.97,1.83
2023-01-06 00:20:00,T-010,2.064623597599786,123.87741585598717,0,,
2023-01-07 03:20:00,T-010,0.4469755679105841,26.818534074635046,0,30.27,1.11
2023-01-09 22:20:00,T-006,1.453804761056594,87.22828566339564,0,40.22,3.43
2023-01-08 08:40:00,T-010,1.9358695125771508,116.15217075462905,0,50.65,1.94
2023-01-14 09:20:00,T-003,2.941550466003318,176.49302796019907,0,56.15,4.45
2023-01-03 02:50:00,T-007,2.519841494017416,151.19048964104496,0,56.04,1.91
2023-01-05 21:50:00,T-010,0.15509051172458088,9.305430703474853,0,50.37,4.17
2023-01-08 04:50:00,T-003,1.7911407506870751,107.46844504122451,0,38.8,1.19
2023-01-03 21:20:00,T-006,2.165662883780805,129.93977302684831,0,22.3,1.88
2023-01-10 15:20:00,T-006,0.44771333385052836,26.862800031031703,0,51.0,1.04
2023-01-10 03:50:00,T-006,1.967171017684969,118.03026106109814,0,22.75,3.32
2023-01-14 12:30:00,T-014,1.2858916409114274,77.15349845468565,0,56.04,4.95
2023-01-06 23:30:00,T-009,1.761185123103453,105.67110738620718,0,53.23,2.63
2023-01-06 21:50:00,T-012,1.7894564249562648,107.36738549737589,0,51.54,2.85
2023-01-04 11:30:00,T-006,2.350268177824844,141.01609066949064,0,41.18,1.12
2023-01-14 21:00:00,T-003,2.2521885209980415,135.1313112598825,0,38.61,1.49
2023-01-07 23:40:00,T-009,0.4491119038708732,26.94671423225239,0,24.92,4.52
2023-01-09 01:20:00,T-003,0.4779120618569409,28.674723711416455,0,22.17,4.43
2023-01-09 17:10:00,T-010,0.6976540750961403,41.859244505768416,0,23.74,1.4
2023-01-12 11:40:00,T-009,1.125779713327999,67.54678279967993,0,44.66,3.01
2023-01-09 20:20:00,T-010,0.0009975183614682193,0.059851101688093156,0,38.58,4.15
2023-01-03 10:50:00,T-012,0.6111037478288226,36.666224869729355,0,22.64,2.96
2023-01-10 09:30:00,T-012,1.7464446893399168,104.78668136039501,0,37.44,3.73
2023-01-12 17:40:00,T-014,1.9891260135014766,119.3475608100886,0,23.94,4.24
2023-01-06 02:40:00,T-010,0.7626737396924798,45.76042438154879,0,23.55,0.15
2023-01-04 18:30:00,T-006,1.3009660018691667,78.05796011215,0,46.98,1.19
2023-01-03 09:20:00,T-006,0.601077430646138,36.06464583876828,0,30.11,2.0
2023-01-09 00:40:00,T-004,1.825459237979374,109.52755427876244,0,50.85,0.36
2023-01-12 10:10:00,T-006,2.4453551534411035,146.7213092064662,0,20.97,2.8
2023-01-11 09:50:00,T-010,2.002051194139285,120.1230716483571,0,27.65,3.56
2023-01-12 00:30:00,T-006,0.16157462099407838,9.694477259644703,0,42.44,1.37
2023-01-13 16:40:00,T-010,0.3940482244347201,23.642893466083205,0,56.44,0.64
2023-01-09 22:00:00,T-004,0.5753473667755817,34.520842006534906,0,28.73,2.05
2023-01-05 22:10:00,T-007,0.67410353091804,40.446211855082396,0,33.27,2.51
2023-01-10 04:10:00,T-006,2.1729524090299837,130.37714454179903,0,51.63,1.15
2023-01-05 12:10:00,T-010,2.573958761768117,154.43752570608703,0,52.39,4.09
2023-01-13 13:20:00,T-007,1.442718002259209,86.56308013555254,0,55.64,3.57
2023-01-02 04:00:00,T-009,2.201729756861105,132.1037854116663,0,52.8,4.73
2023-01-14 04:00:00,T-006,1.483443393885279,89.00660363311674,0,58.25,2.89
2023-01-01 18:20:00,T-004,2.6847643236835195,161.08585942101118,0,54.92,3.82
2023-01-06 21:10:00,T-002,1.141259112698393,68.47554676190359,0,50.22,4.84
2023-01-11 22:30:00,T-006,1.9082122911894752,114.49273747136851,0,39.43,0.29
2023-01-09 01:50:00,T-002,0.6820719002882963,40.92431401729778,0,32.22,2.73
2023-01-09 09:10:00,T-010,0.4238341478265174,25.430048869591044,0,24.61,2.48
2023-01-03 18:00:00,T-006,1.7707918166568675,106.24750899941205,0,55.13,1.54
2023-01-05 11:40:00,T-006,1.1971378384113334,71.82827030468,0,46.06,0.37
2023-01-12 01:20:00,T-007,0.8079938949060752,48.47963369436451,0,48.13,2.99
2023-01-08 15:10:00,T-009,1.3390570535929265,80.34342321557558,0,34.7,4.84
2023-01-02 20:10:00,T-010,2.9704451182519414,178.22670709511647,0,45.97,0.47
2023-01-04 19:10:00,T-004,1.9597890577119903,117.58734346271942,0,37.33,1.48
2023-01-08 21:00:00,T-007,2.922493885884047,175.34963315304282,0,22.51,4.62
2023-01-06 03:30:00,T-012,1.5967349664788975,95.80409798873384,0,56.1,3.93
2023-01-10 17:20:00,T-012,1.8422439335542082,110.5346360132525,0,45.36,0.84
2023-01-10 20:00:00,T-010,2.426650384908984,145.59902309453906,0,,
2023-01-02 01:20:00,T-012,0.18455107871770515,11.07306472306231,0,55.44,0.92
2023-01-11 14:40:00,T-002,0.3418699041429515,20.51219424857709,0,54.65,3.38
2023-01-14 11:00:00,T-012,1.8387004825858475,110.32202895515086,0,26.31,3.22
2023-01-05 14:30:00,T-012,0.7040221147846533,42.2413268870792,0,38.09,0.34
2023-01-02 14:00:00,T-009,0.02721721395817489,1.6330328374904934,0,32.42,3.57
2023-01-07 18:40:00,T-007,1.5455255110011947,92.73153066007168,0,50.13,2.83
2023-01-13 11:40:00,T-006,2.5581840596271337,153.49104357762803,0,28.92,0.61
2023-01-04 12:30:00,T-007,1.6590043577758753,99.54026146655252,0,58.12,1.87
2023-01-07 17:30:00,T-010,0.3369130332336575,20.21478199401945,0,40.37,2.62
2023-01-10 08:30:00,T-010,1.2557418648718057,75.34451189230835,0,28.32,3.37
2023-01-03 12:40:00,T-006,0.05358567743495812,3.2151406460974874,0,28.87,4.5
2023-01-06 04:20:00,T-010,2.1986967550240255,131.92180530144154,0,30.5,0.66
2023-01-11 10:20:00,T-014,0.0312830981922092,1.8769858915325521,0,20.78,2.0
2023-01-02 06:00:00,T-006,1.0020266362357138,60.121598174142825,0,21.19,0.5
2023-01-02 06:10:00,T-004,0.7160700939030525,42.96420563418315,0,28.83,2.61
2023-01-13 08:40:00,T-006,1.6966498947643212,101.79899368585927,0,27.59,2.49
2023-01-09 04:00:00,T-012,1.5291727402550945,91.75036441530567,0,48.75,4.01
2023-01-14 18:10:00,T-009,2.2752750536073334,136.51650321644001,0,51.6,4.28
2023-01-04 08:40:00,T-010,1.7843299121308083,107.0597947278485,0,20.3,3.43
2023-01-09 10:40:00,T-010,0.4613734490040933,27.682406940245595,0,35.91,4.68
2023-01-04 16:20:00,T-012,1.8472260658267285,110.83356394960371,0,34.48,1.52
2023-01-09 00:00:00,T-010,2.363705964876795,141.8223578926077,0,55.41,4.32
2023-01-10 01:50:00,T-006,1.854155022861558,-999.0,0,55.8,2.42
2023-01-07 03:50:00,T-014,1.5798713918068787,94.79228350841272,0,27.44,2.85
2023-01-09 09:40:00,T-010,0.9675839335392455,58.05503601235473,0,43.83,2.77
2023-01-14 16:10:00,T-010,2.934185453920586,176.05112723523516,0,59.14,0.15
2023-01-05 16:40:00,T-010,1.348301505641213,80.89809033847278,0,56.28,1.85
2023-01-06 02:10:00,T-006,1.740336689086404,104.42020134518424,0,24.0,3.78
2023-01-10 19:30:00,T-012,2.8284934242397854,169.70960545438712,0,52.44,0.12
2023-01-03 16:40:00,T-007,0.7426198668101255,44.55719200860753,0,51.07,2.31
2023-01-07 23:50:00,T-012,1.2718344387399059,76.31006632439436,0,33.28,3.5
2023-01-03 02:10:00,T-006,2.47776229739969,148.6657378439814,0,26.2,2.04
2023-01-07 00:40:00,T-006,2.2780329837685978,136.68197902611587,0,54.4,1.0
2023-01-01 21:10:00,T-007,0.987154096109613,59.22924576657678,0,30.11,0.19
2023-01-03 19:10:00,T-006,0.4487419280026973,26.92451568016184,0,28.48,3.01
2023-01-03 01:40:00,T-010,1.5810722886355864,94.86433731813518,0,49.38,4.35
2023-01-12 02:50:00,T-010,0.2756126631301341,16.536759787808045,0,23.84,0.12
2023-01-13 12:50:00,T-010,1.3851984408371465,83.11190645022879,0,30.75,4.26
2023-01-05 09:10:00,T-004,1.2150623972409647,72.90374383445788,0,46.45,2.34
2023-01-11 11:30:00,T-006,0.2077629188575798,12.465775131454787,0,39.36,0.91
2023-01-02 10:00:00,T-004,0.6858754845747705,41.15252907448623,0,42.71,3.98
2023-01-14 07:40:00,T-012,0.06610548089251256,3.9663288535507535,0,39.69,4.27
2023-01-12 17:50:00,T-002,0.005639650574731925,0.3383790344839155,0,54.6,4.42
2023-01-14 13:00:00,T-006,0.4228788825653078,25.37273295391847,0,43.43,4.23
2023-01-13 22:20:00,T-012,0.46914541321034386,28.148724792620634,0,25.86,3.67
2023-01-04 15:10:00,T-009,1.7798359449305363,106.79015669583218,0,29.67,4.41
2023-01-11 02:20:00,T-007,0.11406554471236474,6.843932682741885,0,32.53,3.94
2023-01-10 16:00:00,T-002,2.593981176421253,155.63887058527519,0,54.47,1.29
2023-01-06 12:00:00,T-012,2.000914550972722,120.05487305836331,0,46.25,2.46
2023-01-01 14:00:00,T-007,1.8893337689884593,113.36002613930756,0,41.02,2.41
2023-01-13 19:30:00,T-006,0.8268370160368362,49.61022096221017,0,40.74,4.9
2023-01-05 16:30:00,T-006,0.4372697047342551,26.236182284055303,0,49.93,2.02
2023-01-12 03:40:00,T-007,0.45202832312963215,27.12169938777793,0,29.42,1.88
2023-01-10 18:20:00,T-010,0.3994350125342908,23.96610075205745,0,41.89,0.85
2023-01-14 10:10:00,T-010,1.6276374101862687,97.65824461117613,0,59.77,1.48
2023-01-09 23:40:00,T-006,1.2910115325267637,77.46069195160582,0,50.86,1.61
2023-01-02 22:20:00,T-002,1.1508367812168654,69.05020687301192,0,40.78,1.13
2023-01-08 03:30:00,T-009,1.8960464580612553,113.76278748367531,0,57.15,2.61
2023-01-09 09:20:00,T-006,0.6359474727067156,38.15684836240293,0,50.37,0.99
2023-01-10 17:10:00,T-010,2.4320577839587987,145.92346703752793,0,34.85,1.28
2023-01-06 10:40:00,T-014,2.756033390980513,165.36200345883077,0,59.27,2.27
2023-01-12 05:20:00,T-012,0.31779213767547887,19.067528260528732,0,47.5,4.77
2023-01-13 12:10:00,T-010,0.6766239897771978,40.59743938663187,0,51.48,3.21
2023-01-13 18:10:00,T-010,0.848237068736286,50.894224124177164,0,50.62,2.04
2023-01-03 09:40:00,T-010,2.144772120606743,128.68632723640457,0,42.73,3.61
2023-01-08 16:30:00,T-014,2.8849972078644397,173.0998324718664,0,28.77,0.72
2023-01-13 19:20:00,T-010,0.8271595592866567,49.62957355719941,0,24.81,4.18
2023-01-05 20:30:00,T-010,0.10256329781747453,6.153797869048471,0,50.61,1.42
2023-01-09 15:00:00,T-012,2.4756023022467044,148.53613813480226,0,33.9,4.8
2023-01-12 19:00:00,T-006,1.1630207842511826,69.78124705507096,0,31.83,3.5
2023-01-07 08:40:00,T-007,1.9640792442940445,117.84475465764267,0,28.63,2.53
2023-01-12 01:10:00,T-010,2.2595620077402083,135.5737204644125,0,24.0,0.37
2023-01-05 20:10:00,T-012,1.6744207487815888,100.46524492689532,0,34.09,4.69
2023-01-04 19:50:00,T-006,0.24457946865728009,14.674768119436806,0,45.66,1.28
2023-01-02 07:00:00,T-006,2.096972214118763,125.81833284712576,0,41.7,1.37
2023-01-07 23:10:00,T-006,2.299968405601218,137.99810433607308,0,29.66,4.2
2023-01-07 19:00:00,T-012,2.381231551141549,142.87389306849295,0,38.91,2.03
2023-01-14 03:50:00,T-006,1.8732763394151841,112.39658036491105,0,58.41,1.03
2023-01-14 16:30:00,T-014,1.4917677909440645,89.50606745664388,0,59.92,1.75
2023-01-14 18:50:00,T-006,0.05383703570547549,3.2302221423285293,0,58.75,2.89
2023-01-11 18:50:00,T-004,2.784952598545731,167.09715591274386,0,33.17,2.52
2023-01-02 03:20:00,T-002,1.6313367239921979,97.88020343953187,0,34.13,3.03
2023-01-11 04:10:00,T-009,0.10671260110664504,6.402756066398703,0,52.6,0.24
2023-01-02 15:00:00,T-012,0.05528315621465241,3.3169893728791444,0,32.73,2.99
2023-01-12 22:10:00,T-010,1.4597929867312593,87.58757920387556,0,39.1,2.47
2023-01-05 18:30:00,T-006,2.345370989535088,140.72225937210527,0,22.44,0.26
2023-01-07 12:20:00,T-006,0.26887901746482634,16.13274104788958,0,22.13,3.12
2023-01-05 17:30:00,T-012,1.1380757697672714,68.28454618603628,0,41.17,2.95
2023-01-08 23:10:00,T-006,2.014675330839112,120.88051985034673,0,21.24,3.16
2023-01-03 07:10:00,T-006,1.3268962871427308,79.61377722856385,0,50.96,3.45
2023-01-04 00:20:00,T-003,0.30837721347799707,18.502632808679824,0,48.43,3.81
2023-01-12 04:20:00,T-002,1.2402493478857843,74.41496087314707,0,51.26,0.93
2023-01-11 06:50:00,T-012,1.6488481311567735,98.9308878694064,0,20.56,2.27
2023-01-12 18:00:00,T-007,0.5351177529219895,32.10706517531937,0,54.79,2.46
2023-01-11 07:50:00,T-010,0.2061384975548033,12.368309853288197,0,45.44,1.25
2023-01-14 21:10:00,T-010,1.6739422163479196,100.43653298087517,0,58.89,2.37
2023-01-07 04:20:00,T-006,0.7382089763939947,44.29253858363968,0,42.59,0.69
2023-01-06 10:00:00,T-006,0.3393294572297191,20.359767433783144,0,56.99,2.07
2023-01-08 03:00:00,T-006,0.7706515429371444,46.239092576228664,0,26.44,2.97
2023-01-07 18:10:00,T-010,1.913955617379893,114.83733704279358,0,46.39,1.39
2023-01-06 02:50:00,T-012,1.5651901399086394,93.91140839451836,0,21.8,1.92
2023-01-01 13:40:00,T-014,2.4786170873818976,148.71702524291385,0,28.0,4.6
2023-01-12 21:10:00,T-010,0.31241207376086233,18.74472442565174,0,36.17,0.41
2023-01-14 05:20:00,T-007,0.573572104394367,34.41432626366202,0,25.45,1.21
2023-01-13 23:30:00,T-003,1.859098320598247,111.54589923589482,0,47.68,4.61
2023-01-04 06:40:00,T-004,2.4643221840295992,147.85933104177596,0,49.44,2.72
2023-01-08 02:10:00,T-006,0.6907385052836098,41.44431031701659,0,40.0,2.61
2023-01-05 01:40:00,T-010,0.08818333726952188,5.291000236171312,0,52.13,4.36
2023-01-01 09:10:00,T-009,2.2300584686808724,133.80350812085234,0,35.76,3.9
2023-01-07 07:20:00,T-006,1.2925862746141,77.555176476846,0,21.79,1.15
2023-01-02 21:50:00,T-007,1.783187577685636,106.99125466113816,0,50.69,1.42
2023-01-06 23:40:00,T-012,0.5053331554281589,30.319989325689537,0,26.42,0.24
2023-01-07 06:10:00,T-012,2.1464727212978234,128.7883632778694,0,24.12,0.6
2023-01-04 12:40:00,T-010,1.7924275878957903,107.54565527374741,0,22.78,4.02
2023-01-09 18:20:00,T-002,0.3661051563731851,21.966309382391106,0,42.9,3.78
2023-01-01 14:30:00,T-007,0.6489720691096605,38.93832414657963,0,30.25,1.62
2023-01-05 21:10:00,T-007,0.36891242558888016,22.134745535332808,0,34.93,3.53
2023-01-04 05:30:00,T-014,2.9323991589443574,175.94394953666145,0,26.53,0.28
2023-01-13 09:20:00,T-006,0.49588233291052364,29.752939974631417,0,48.21,2.91
2023-01-01 12:10:00,T-003,1.1522718344737486,69.13631006842492,0,53.49,1.61
2023-01-12 21:50:00,T-010,2.10883032293603,126.52981937616181,0,42.69,2.65
2023-01-04 02:10:00,T-006,1.0380497029345186,62.282982176071116,0,59.2,1.04
2023-01-05 23:10:00,T-002,0.26566675266972417,15.94000516018345,0,49.76,2.41
2023-01-01 14:40:00,T-004,1.5547811000291767,93.2868660017506,0,23.38,1.49
2023-01-03 05:20:00,T-010,2.1938102009210567,131.6286120552634,0,43.94,4.87
2023-01-08 23:50:00,T-010,0.7711417992962396,46.268507957774375,0,45.92,3.15
2023-01-07 14:50:00,T-006,2.5782473798417676,154.69484279050604,0,50.21,4.08
2023-01-09 11:30:00,T-006,1.7254900514898748,103.52940308939249,0,26.79,4.06
2023-01-03 18:10:00,T-009,1.2997402469149668,77.984414814898,0,32.93,2.24
2023-01-06 01:20:00,T-007,0.05213937055643891,3.128362233386335,0,49.64,3.55
2023-01-03 00:40:00,T-006,1.405618250305753,84.33709501834518,0,48.98,1.33
2023-01-12 14:30:00,T-009,2.525911114490126,151.55466686940755,0,27.26,1.6
2023-01-02 06:50:00,T-003,0.317502281485752,19.05013688914512,0,51.32,4.66
2023-01-03 09:30:00,T-002,2.604368440471593,156.26210642829557,0,22.81,2.7
2023-01-06 03:50:00,T-006,0.39814396145783215,23.88863768746993,0,36.63,2.36
2023-01-09 09:30:00,T-007,2.4562050122228105,147.37230073336863,0,39.68,3.22
2023-01-05 11:20:00,T-006,1.9563697365913137,117.38218419547883,0,52.55,1.22
2023-01-09 21:30:00,T-009,1.0943946574335883,65.6636794460153,0,33.49,2.68
2023-01-06 19:00:00,T-009,1.9472239763831793,116.83343858299077,0,,
2023-01-08 11:00:00,T-010,1.3272298094420085,79.63378856652051,0,32.05,2.43
2023-01-01 20:30:00,T-006,2.5565806000410234,153.3948360024614,0,56.43,0.93
2023-01-03 13:40:00,T-010,0.8825039200304337,52.95023520182602,0,29.31,3.87
2023-01-13 08:30:00,T-010,0.6088091027247066,36.528546163482396,0,48.71,2.58
2023-01-06 00:50:00,T-006,2.0579032079489523,123.47419247693713,0,31.29,2.08
2023-01-06 15:50:00,T-003,2.295572593667354,137.73435562004124,0,39.77,1.64
2023-01-03 00:50:00,T-003,2.8329109048734895,169.97465429240938,0,25.7,1.53
2023-01-04 20:50:00,T-003,0.6616833747669698,39.70100248601819,0,35.67,3.33
2023-01-12 23:40:00,T-007,1.9094719531474622,114.56831718884773,0,53.31,2.77
2023-01-14 03:10:00,T-010,2.4836051259665184,149.0163075579911,0,32.9,3.33
2023-01-13 16:30:00,T-010,0.6756711068054693,40.54026640832816,0,25.44,2.41
2023-01-02 02:30:00,T-012,2.7195411583337403,163.17246950002442,0,36.96,0.71
2023-01-08 22:40:00,T-009,0.7309701481915999,43.85820889149599,0,35.3,3.28
2023-01-04 02:30:00,T-012,2.8237125126971594,169.42275076182958,0,,
2023-01-07 15:10:00,T-006,0.553755388611099,33.225323316665936,0,33.68,0.84
2023-01-07 02:40:00,T-006,2.4412988649587595,146.47793189752556,0,47.33,2.04
2023-01-10 10:00:00,T-006,2.0429244817147336,122.57546890288401,0,50.81,3.83
2023-01-13 13:40:00,T-010,2.8120598826475933,168.7235929588556,0,53.39,4.49
2023-01-05 01:30:00,T-006,1.7641751342702376,105.85050805621425,0,43.21,1.35
2023-01-07 08:50:00,T-007,1.1402235268116159,68.41341160869695,0,28.93,3.77
2023-01-09 23:10:00,T-003,0.8920651447105167,53.523908682631,0,24.21,0.4
2023-01-03 19:50:00,T-012,2.0413698790779757,122.48219274467854,0,27.0,1.92
2023-01-08 15:40:00,T-009,1.0007086484166012,60.04251890499607,0,22.5,2.54
2023-01-04 12:20:00,T-002,1.9824603548977522,118.94762129386513,0,25.79,2.65
2023-01-07 01:20:00,T-010,1.627090994939215,97.62545969635289,0,23.88,3.62
2023-01-14 23:40:00,T-006,1.1157980037505946,66.94788022503568,0,33.63,2.11
2023-01-03 08:40:00,T-006,2.173268017842351,130.39608107054104,0,23.86,2.08
2023-01-09 02:50:00,T-004,1.1427285765329618,68.56371459197771,0,25.98,2.88
2023-01-02 13:30:00,T-012,1.6795329369264884,100.7719762155893,0,43.75,1.11
2023-01-03 22:10:00,T-004,2.857945914116151,171.47675484696907,0,27.91,3.03
2023-01-08 05:30:00,T-004,2.173550554195854,130.41303325175124,0,58.95,4.47
2023-01-01 17:10:00,T-003,1.8688121488053562,112.12872892832137,0,55.71,0.33
2023-01-07 06:40:00,T-012,1.563702397456003,93.82214384736018,0,23.54,4.05
2023-01-03 04:40:00,T-014,2.8897099603203955,173.38259761922373,0,52.63,0.13
2023-01-12 02:10:00,T-010,0.32383114393939305,19.429868636363583,0,53.37,4.35
2023-01-11 16:50:00,T-003,0.285035096976914,17.102105818614838,0,34.23,1.3
2023-01-07 14:40:00,T-002,0.36966796251649814,22.180077750989888,0,28.0,2.43
2023-01-01 16:40:00,T-004,2.9890073274201727,179.34043964521035,0,30.69,0.41
2023-01-09 14:30:00,T-003,2.8583925828038828,171.50355496823298,0,47.83,3.51
2023-01-02 17:20:00,T-009,2.3664209456122327,141.98525673673396,0,,
2023-01-04 02:20:00,T-006,2.327414207378868,139.6448524427321,0,54.29,0.97
2023-01-12 20:40:00,T-006,2.1702142968368587,130.21285781021152,0,46.98,4.36
2023-01-09 07:20:00,T-006,1.503458997546029,90.20753985276174,0,48.24,2.74
2023-01-13 15:00:00,T-010,2.711739990781124,162.70439944686743,0,44.43,4.68
2023-01-06 13:00:00,T-006,1.8148617680716224,108.89170608429734,0,36.21,0.11
2023-01-11 22:00:00,T-010,1.6320497375482548,97.92298425289529,0,59.75,0.46
2023-01-11 01:40:00,T-006,1.329819262330855,79.7891557398513,0,45.31,0.44
2023-01-03 22:40:00,T-006,2.7234559589539202,163.4073575372352,0,51.9,2.0
2023-01-12 08:10:00,T-006,0.8337062917466035,50.02237750479621,0,31.33,2.47
2023-01-13 02:10:00,T-002,1.5608897307559622,93.65338384535772,0,50.46,3.63
2023-01-12 23:30:00,T-010,0.9663240126875565,57.97944076125339,0,38.59,4.72
2023-01-10 17:30:00,T-006,2.578695694940837,154.72174169645024,0,48.5,1.51
2023-01-03 05:10:00,T-010,0.09390694124254872,5.634416474552923,0,49.79,4.51
2023-01-04 23:10:00,T-009,1.8862944546178353,113.17766727707011,0,27.0,3.19
2023-01-05 04:40:00,T-012,1.0774530889986944,64.64718533992166,0,20.19,0.27
2023-01-03 17:20:00,T-006,1.954558400406794,117.27350402440764,0,28.56,3.1
2023-01-08 00:50:00,T-010,1.4186758968995465,85.12055381397279,0,46.63,0.46
2023-01-10 21:00:00,T-009,0.8381031418041491,50.28618850824895,0,29.53,2.8
2023-01-05 03:10:00,T-012,1.9650280164963256,117.90168098977954,0,51.15,4.09
2023-01-02 22:50:00,T-010,1.1155005877161739,66.93003526297043,0,45.99,3.22
2023-01-11 00:00:00,T-006,1.3518589701892738,81.11153821135643,0,30.03,3.33
2023-01-13 12:40:00,T-007,1.130742494209116,67.84454965254696,0,50.2,0.14
2023-01-03 14:10:00,T-006,2.735508104879733,164.13048629278398,0,54.87,0.22
2023-01-13 10:50:00,T-012,2.7888507686270527,167.33104611762317,0,41.59,4.65
2023-01-06 22:30:00,T-009,1.3332583582536046,79.99550149521627,0,44.85,3.93
2023-01-13 03:20:00,T-012,2.206516819462613,132.39100916775678,0,31.71,0.14
2023-01-07 05:30:00,T-010,1.6482427152913601,98.89456291748161,0,54.71,4.53
2023-01-03 11:30:00,T-007,0.460974114483338,27.658446869000283,0,35.49,2.57
2023-01-13 23:50:00,T-007,1.0377613425050827,62.265680550304964,0,48.99,3.66
2023-01-08 12:20:00,T-010,1.778435974960268,106.70615849761609,0,32.48,3.89
2023-01-04 13:30:00,T-006,0.12226231827741829,7.3357390966450975,0,51.46,4.4
2023-01-01 20:10:00,T-006,1.4300304849911052,85.80182909946632,0,43.82,3.21
2023-01-11 19:30:00,T-007,1.4881435160396597,89.28861096237958,0,45.27,4.56
2023-01-12 06:20:00,T-003,2.631415324534212,157.88491947205273,0,45.99,0.38
2023-01-06 06:30:00,T-012,0.703683880004486,42.22103280026916,0,32.84,0.22
2023-01-11 21:00:00,T-010,2.6378059799935145,158.26835879961087,0,55.83,2.25
2023-01-09 15:30:00,T-006,1.9989206575051193,119.93523945030715,0,38.58,0.51
2023-01-02 18:10:00,T-012,2.841893664769014,170.51361988614082,0,55.66,1.28
2023-01-01 15:30:00,T-006,0.7807001038545819,46.842006231274915,0,54.45,2.89
2023-01-09 11:40:00,T-009,1.4380633204135553,86.28379922481332,0,27.5,0.22
2023-01-10 11:00:00,T-012,1.8568445790231647,111.41067474138988,0,46.6,2.13
2023-01-11 03:40:00,T-004,0.3161026018584179,18.96615611150507,0,43.5,3.61
2023-01-02 00:00:00,T-006,0.14635074501951928,8.781044701171156,0,31.74,3.53
2023-01-09 08:00:00,T-004,1.6191978562798286,97.15187137678971,0,38.81,3.37
2023-01-06 17:00:00,T-012,2.704126948765333,162.24761692591997,0,,
2023-01-11 15:50:00,T-010,0.4699153109214249,28.194918655285495,0,26.68,1.93
2023-01-14 22:50:00,T-002,0.8472926960595352,50.83756176357211,0,32.45,0.97
2023-01-09 12:10:00,T-004,0.9411830735822881,56.47098441493729,0,28.68,0.49
2023-01-07 11:40:00,T-009,1.5967806400171205,95.80683840102724,0,54.49,1.65
2023-01-06 14:50:00,T-012,0.27144508586115224,16.286705151669135,0,43.2,3.74
2023-01-04 22:10:00,T-012,1.2477220984408224,74.86332590644935,0,21.01,0.31
2023-01-04 21:10:00,T-007,0.610734841026728,36.64409046160368,0,58.73,3.69
2023-01-07 15:50:00,T-010,2.3802217744435117,142.8133064666107,0,27.11,4.1
2023-01-04 21:50:00,T-009,0.5225800097347609,31.354800584085655,0,23.57,3.63
2023-01-10 21:10:00,T-010,2.790956654513471,167.45739927080825,0,22.61,3.55
2023-01-02 14:40:00,T-007,0.3853461542795741,23.120769256774445,0,48.22,1.87
2023-01-08 14:00:00,T-014,1.1354292704576072,68.12575622745643,0,33.3,2.71
2023-01-04 11:40:00,T-006,1.8367739576434738,110.20643745860843,0,21.63,2.32
2023-01-05 02:40:00,T-010,1.8185661406835147,109.11396844101088,0,59.38,0.6
2023-01-02 20:00:00,T-010,2.557243977595943,153.43463865575657,0,25.03,3.24
2023-01-02 06:20:00,T-006,2.790271051529216,167.41626309175297,0,26.84,3.59
2023-01-04 04:30:00,T-007,1.073404052784814,64.40424316708885,0,59.68,0.92
2023-01-13 00:10:00,T-006,0.44699920844773033,26.81995250686382,0,45.62,2.25
2023-01-10 13:20:00,T-009,0.1278996278610982,7.6739776716658925,0,53.33,0.77
2023-01-08 18:20:00,T-012,1.2680673401885687,76.08404041131412,0,55.2,4.61
2023-01-12 18:10:00,T-007,0.0872141410318612,5.232848461911672,0,,
2023-01-08 01:30:00,T-012,0.5353378956833164,32.12027374099898,0,42.82,2.11
2023-01-01 22:10:00,T-006,2.205637963570358,132.33827781422147,0,49.55,4.3
2023-01-05 15:00:00,T-010,2.6511290089822577,159.06774053893545,0,34.58,1.78
2023-01-14 11:30:00,T-007,0.6784411547698223,40.70646928618933,0,34.32,1.74
2023-01-08 13:50:00,T-010,0.15701662735952493,9.420997641571496,0,26.89,4.86
2023-01-13 21:40:00,T-007,2.534368308858064,152.06209853148385,0,23.36,1.36
2023-01-12 17:10:00,T-006,0.4134686974777062,24.808121848662374,0,41.77,0.5
2023-01-01 19:30:00,T-006,1.1735092982411395,70.41055789446837,0,35.35,3.46
2023-01-03 23:10:00,T-002,2.1728559243792356,130.37135546275414,0,46.97,3.12
2023-01-11 20:10:00,T-012,2.9772462014684105,178.63477208810463,0,21.56,4.1
2023-01-13 10:10:00,T-006,1.7594372765661208,105.56623659396725,0,37.68,3.61
2023-01-06 05:30:00,T-010,2.192488424612629,131.54930547675775,0,33.19,1.78
2023-01-08 13:40:00,T-010,0.5709745884572034,34.25847530743221,0,,
2023-01-07 01:30:00,T-006,2.8544356789979735,171.2661407398784,0,56.34,2.2
2023-01-08 07:40:00,T-012,1.0116813982662611,60.700883895975664,0,31.37,2.03
2023-01-03 12:00:00,T-004,1.361080903815848,81.66485422895089,0,52.95,4.13
2023-01-10 08:20:00,T-006,0.40141120883846615,24.08467253030797,0,31.96,2.19
2023-01-06 12:50:00,T-003,0.4778623357284154,28.671740143704923,0,34.79,3.6
2023-01-08 19:00:00,T-009,0.0037100392782283276,0.22260235669369965,0,34.24,4.28
2023-01-05 07:50:00,T-014,1.1185459115668035,67.1127546940082,0,59.21,0.51
2023-01-12 11:10:00,T-006,2.063652329639745,123.81913977838471,0,37.57,4.54
2023-01-10 00:50:00,T-012,2.348088122232448,140.88528733394688,0,48.08,3.51
2023-01-11 18:00:00,T-009,1.165958395889541,69.95750375337246,0,40.74,4.6
2023-01-05 10:20:00,T-012,1.987863837024961,-999.0,0,26.35,2.85
2023-01-11 20:50:00,T-012,0.9507674320348348,57.04604592209009,0,24.43,3.69
2023-01-08 11:20:00,T-006,2.0088078484018856,120.52847090411314,0,42.34,3.28
2023-01-05 09:50:00,T-010,1.7382446980305022,104.29468188183013,0,34.79,4.08
2023-01-03 23:50:00,T-003,0.43776622210543636,26.265973326326183,0,27.19,2.97
2023-01-07 16:10:00,T-006,2.753257467514132,165.19544805084792,0,28.26,0.77
2023-01-03 19:20:00,T-010,1.3937957899074305,83.62774739444583,0,58.77,2.56
2023-01-07 22:20:00,T-004,2.5535227825583124,153.21136695349875,0,42.45,3.37
2023-01-02 07:50:00,T-010,2.8839458645547222,173.03675187328332,0,,
2023-01-12 19:30:00,T-010,1.206981374059668,72.41888244358007,0,26.22,0.99
2023-01-13 17:10:00,T-006,1.1965080891111883,71.7904853466713,0,40.72,2.07
2023-01-11 09:00:00,T-007,2.3474547736918137,140.8472864215088,0,20.09,0.28
2023-01-08 05:20:00,T-006,1.337372743731687,80.24236462390121,0,20.56,1.24
2023-01-14 08:10:00,T-012,2.160024118989339,129.60144713936035,0,24.49,4.68
2023-01-10 03:40:00,T-012,0.5212577869868835,31.275467219213013,0,55.39,0.59
2023-01-08 10:00:00,T-009,1.0306814243271119,61.84088545962671,0,52.98,3.96
2023-01-14 20:20:00,T-007,2.8399138625988214,170.3948317559293,0,53.59,4.44
2023-01-11 15:40:00,T-012,1.8494991806852505,110.96995084111504,0,50.28,3.95
2023-01-08 08:50:00,T-012,1.78725218456687,107.2351310740122,0,54.39,0.6
2023-01-03 17:20:00,T-006,1.954558400406794,117.27350402440764,0,28.56,3.1
2023-01-12 13:40:00,T-009,2.2760291703330147,136.56175021998087,0,49.0,2.89
2023-01-14 05:50:00,T-010,1.0147893159970451,60.887358959822706,0,22.0,2.04
2023-01-05 15:40:00,T-014,0.9926680889675158,59.560085338050946,0,46.4,1.22
2023-01-13 18:40:00,T-010,0.13378472511888462,8.027083507133078,0,21.41,0.25
2023-01-08 04:00:00,T-009,0.1753638423256617,10.521830539539703,0,49.06,4.6
2023-01-06 17:10:00,T-003,2.6336734771239825,158.02040862743894,0,36.17,3.4
2023-01-14 19:50:00,T-003,0.7664800339668141,45.98880203800884,0,48.7,1.53
2023-01-10 05:20:00,T-014,1.9622273861159942,117.73364316695965,0,51.56,2.14
2023-01-05 22:00:00,T-012,1.9200089005107412,115.20053403064448,0,55.24,1.0
2023-01-03 16:50:00,T-004,1.6752380177495938,100.51428106497563,0,40.16,0.84
2023-01-11 06:40:00,T-007,1.2363927907883148,74.18356744729888,0,49.45,4.61
2023-01-12 22:50:00,T-003,1.8064369321574432,108.38621592944659,0,20.22,2.81
2023-01-05 06:20:00,T-004,0.7073762818776296,42.44257691265778,0,37.9,3.42
2023-01-08 11:10:00,T-007,2.4955893397542663,149.73536038525597,0,21.19,3.83
2023-01-08 01:40:00,T-007,0.936815358146388,56.20892148878328,0,39.28,3.1
2023-01-13 04:50:00,T-006,0.89833053147566,53.8998318885396,0,29.82,4.78
2023-01-02 13:50:00,T-010,1.1300860859603963,67.80516515762378,0,25.58,2.26
2023-01-05 19:00:00,T-002,2.1161567823366108,126.96940694019665,0,58.42,4.25
2023-01-07 05:20:00,T-010,1.1830959714550506,70.98575828730304,0,51.88,4.82
2023-01-08 07:00:00,T-006,2.4561211713576983,147.36727028146188,0,31.5,4.28
2023-01-04 19:00:00,T-003,0.0625834178746143,3.755005072476858,0,48.27,1.87
2023-01-04 19:20:00,T-006,0.9969438760653268,59.816632563919605,0,34.82,4.07
2023-01-09 06:00:00,T-002,2.3588278702712833,141.529672216277,0,53.59,1.33
2023-01-03 20:50:00,T-012,2.9240995556120697,175.4459733367242,0,27.67,3.32
2023-01-09 00:30:00,T-014,2.594058576100621,155.64351456603725,0,39.84,1.93
2023-01-08 07:30:00,T-010,1.8096582306401165,108.57949383840699,0,31.44,1.98
2023-01-09 19:40:00,T-006,0.8332578712477834,49.995472274867005,0,24.81,4.07
2023-01-06 07:00:00,T-006,2.890040498461197,173.40242990767183,0,48.63,4.33
2023-01-04 09:50:00,T-007,0.8965076590119415,53.79045954071649,0,34.17,3.22
2023-01-09 21:00:00,T-014,1.8076594915285948,108.45956949171568,0,53.13,2.03
2023-01-02 11:30:00,T-012,1.6685452051192708,100.11271230715624,0,23.73,1.08
2023-01-14 21:40:00,T-010,1.6575408443481756,99.45245066089053,0,30.4,1.29
2023-01-02 15:30:00,T-002,1.2967223516775368,77.8033411006522,0,37.81,4.46
2023-01-08 05:00:00,T-010,2.027523735262128,121.65142411572768,0,50.72,2.37
2023-01-07 01:40:00,T-009,2.5415020841177225,152.49012504706334,0,32.06,4.15
2023-01-11 16:20:00,T-012,0.13120687763990846,7.8724126583945075,0,38.63,4.3
2023-01-13 20:00:00,T-006,2.3613798078048123,141.68278846828875,0,59.18,2.86
2023-01-05 04:10:00,T-006,0.851563585825935,51.0938151495561,0,57.18,3.73
2023-01-13 14:50:00,T-010,0.14952608334882467,8.97156500092948,0,38.95,0.57
2023-01-12 06:40:00,T-006,0.4825445218732386,28.952671312394315,0,26.12,2.06
2023-01-08 19:50:00,T-014,1.4246596305186559,85.47957783111936,0,30.32,2.55
2023-01-05 23:40:00,T-002,0.309926871372047,18.59561228232282,0,59.26,4.77
2023-01-12 02:40:00,T-010,2.05589404834762,123.3536429008572,0,50.49,0.98
2023-01-03 15:20:00,T-006,1.386291872296982,83.17751233781891,0,36.89,4.15
2023-01-13 04:10:00,T-007,0.1876266806921053,11.257600841526319,0,42.13,2.9
2023-01-07 18:50:00,T-012,1.7806157073694415,106.83694244216649,0,49.08,4.44
2023-01-08 17:50:00,T-010,1.2284335590156117,73.7060135409367,0,56.94,2.24
2023-01-02 03:00:00,T-012,1.7139568257587223,102.83740954552334,0,54.82,4.19
2023-01-08 16:40:00,T-006,1.9048801367730994,114.29280820638597,0,550.0,1.56
2023-01-05 17:10:00,T-004,0.7575833462262578,45.45500077357546,0,23.81,3.0
2023-01-06 09:30:00,T-012,2.3055580935713738,138.33348561428244,0,59.87,3.12
2023-01-11 15:10:00,T-012,1.5623044255026381,93.73826553015829,0,56.43,0.69
2023-01-08 17:20:00,T-010,0.5114338145217526,30.686028871305158,0,38.84,4.58
2023-01-08 04:40:00,T-007,0.8236207620003761,49.41724572002257,0,37.68,0.46
2023-01-12 05:10:00,T-014,1.835821516011993,110.14929096071958,0,28.26,4.77
2023-01-07 07:30:00,T-003,2.690142869520367,161.40857217122203,0,39.73,0.79
2023-01-04 08:50:00,T-014,1.8498137455874222,110.98882473524533,0,29.29,1.85
2023-01-07 10:40:00,T-010,1.8520552722389225,111.12331633433536,0,53.72,3.2
2023-01-06 03:40:00,T-006,0.3772245354199465,22.63347212519679,0,54.74,3.54
2023-01-14 08:40:00,T-003,2.0512623167311275,123.07573900386765,0,29.81,0.36
2023-01-10 00:20:00,T-004,0.22388944301124514,13.433366580674708,0,25.68,0.78
2023-01-06 09:20:00,T-007,2.59382650786511,155.6295904719066,0,22.51,4.72
2023-01-01 11:10:00,T-009,0.3610162861049878,21.66097716629927,0,48.56,1.97
2023-01-05 15:30:00,T-006,1.3260731213485726,79.56438728091436,0,38.0,1.56
2023-01-07 23:00:00,T-012,2.4285899273053255,145.71539563831954,0,31.46,3.48
2023-01-02 09:50:00,T-006,2.4598407522243004,147.59044513345802,0,51.5,2.42
2023-01-04 23:40:00,T-006,2.206050895997258,132.36305375983548,0,38.06,1.73
2023-01-09 23:00:00,T-014,1.858493254222763,111.50959525336577,0,40.7,1.75
2023-01-02 22:40:00,T-014,2.464538842222323,147.87233053333938,0,26.51,3.39
2023-01-09 02:20:00,T-014,1.0250235056907626,61.501410341445755,0,29.3,3.08
2023-01-02 23:20:00,T-012,2.456356930071281,147.38141580427686,0,40.76,3.37
2023-01-06 14:10:00,T-007,2.9800108120758857,178.80064872455313,0,51.87,4.45
2023-01-09 12:50:00,T-009,0.4175940738525895,25.055644431155372,0,48.32,0.54
2023-01-05 02:50:00,T-010,1.793170695767593,107.59024174605558,0,36.59,0.5
2023-01-13 11:30:00,T-006,0.16840831024863,10.104498614917802,0,29.2,1.45
2023-01-11 06:00:00,T-010,2.3515280303030215,141.09168181818129,0,36.04,3.87
2023-01-09 12:20:00,T-010,1.8191128333001267,109.1467699980076,0,35.94,1.02
2023-01-12 13:50:00,T-006,2.0351364685654256,122.10818811392554,0,37.5,1.36
2023-01-02 00:20:00,T-004,2.8863659177761494,173.18195506656897,0,38.96,2.62
2023-01-07 04:50:00,T-004,1.4300864251234775,85.80518550740865,0,55.49,3.62
2023-01-09 22:50:00,T-012,2.262760633031589,135.76563798189534,0,51.17,0.32
2023-01-09 01:30:00,T-006,0.1893270992374505,11.35962595424703,0,35.81,3.59
2023-01-10 06:00:00,T-007,1.5765138659059201,94.59083195435521,0,43.67,0.76
2023-01-13 08:00:00,T-006,2.850938258791775,171.0562955275065,0,53.09,1.15
2023-01-13 05:20:00,T-002,0.5204402227978717,31.226413367872304,0,59.17,0.19
2023-01-14 09:30:00,T-003,0.6822284875841368,40.93370925504821,0,54.44,4.73
2023-01-13 17:20:00,T-010,2.767869174263369,166.07215045580216,0,36.81,3.45
2023-01-13 21:50:00,T-004,0.8044170602865401,48.26502361719241,0,46.37,0.98
2023-01-05 20:20:00,T-007,1.6197175185066375,97.18305111039825,0,21.73,0.29
2023-01-05 17:50:00,T-006,1.0701961591200049,64.21176954720029,0,38.95,3.77
2023-01-06 07:10:00,T-006,0.7659195741852955,45.955174451117735,0,22.72,3.7
2023-01-05 02:10:00,T-006,1.1865455095470456,71.19273057282274,0,26.05,0.51
2023-01-05 00:50:00,T-006,1.6299015700898651,97.79409420539191,0,52.9,0.37
2023-01-06 12:40:00,T-012,1.0457210017259113,62.743260103554675,0,52.9,3.02
2023-01-13 10:20:00,T-010,2.0930118825602255,125.58071295361353,0,59.36,1.6
2023-01-14 19:00:00,T-014,0.37876134837784037,22.725680902670423,0,21.3,0.2
2023-01-07 11:50:00,T-007,1.7427961597883932,104.56776958730359,0,57.01,4.25
2023-01-05 21:40:00,T-007,0.6933927372829398,41.60356423697639,0,32.62,0.92
2023-01-04 15:00:00,T-012,2.174479679622175,130.4687807773305,0,49.83,3.73
2023-01-13 04:30:00,T-003,2.29976557191493,137.9859343148958,0,35.54,4.9
2023-01-09 06:30:00,T-010,1.7237621469533,103.425728817198,0,33.84,1.51
2023-01-04 11:00:00,T-007,1.8759139806418434,112.5548388385106,0,50.74,2.49
2023-01-14 03:40:00,T-002,2.363139046583126,141.78834279498756,0,22.77,3.79
2023-01-06 10:10:00,T-006,2.3865311150892095,143.19186690535255,0,38.13,0.8
2023-01-11 14:00:00,T-007,0.37570071129848137,22.54204267790888,0,44.1,3.77
2023-01-13 10:00:00,T-007,1.7574304379157057,105.44582627494235,0,27.71,4.74
2023-01-14 04:40:00,T-007,0.4348952171394511,26.093713028367066,0,40.79,4.04
2023-01-13 15:40:00,T-009,2.340639190290307,140.43835141741843,0,38.05,1.66
2023-01-07 13:40:00,T-007,2.469522046786981,148.17132280721887,0,28.05,4.13
2023-01-05 05:10:00,T-012,1.1515414556033887,69.09248733620332,0,45.04,2.57
2023-01-07 06:50:00,T-007,2.467180256451174,148.03081538707045,0,53.99,1.18
2023-01-09 16:40:00,T-009,1.5183226645402526,91.09935987241515,0,27.12,2.67
2023-01-12 09:00:00,T-007,1.972680938334069,118.36085630004415,0,28.04,0.6
2023-01-08 12:10:00,T-006,0.8134423095005544,48.80653857003326,0,550.0,1.61
2023-01-07 01:10:00,T-004,1.5013359273922244,90.08015564353346,0,37.88,2.78
2023-01-01 23:20:00,T-006,0.015246419454077897,0.9147851672446738,0,25.32,1.35
2023-01-10 11:40:00,T-010,2.5029100978643024,150.17460587185815,0,59.56,3.8
2023-01-12 01:50:00,T-009,1.6186686614865153,97.12011968919091,0,25.45,2.91
2023-01-07 10:50:00,T-010,1.569254173745354,94.15525042472125,0,44.0,2.18
2023-01-04 06:30:00,T-002,2.0795818224680427,124.77490934808256,0,20.94,4.54
2023-01-12 02:00:00,T-006,2.1838415301922294,131.03049181153375,0,45.95,1.61
2023-01-07 09:30:00,T-006,1.4375496883307997,86.25298129984797,0,46.91,3.48
2023-01-08 21:30:00,T-009,0.060079067777473405,3.6047440666484043,0,43.08,2.49
2023-01-14 15:50:00,T-012,0.33580778106459097,20.14846686387546,0,23.38,2.56
2023-01-14 17:00:00,T-009,1.0193324146856553,61.15994488113932,0,48.18,4.4
2023-01-07 11:20:00,T-007,2.010288103832825,120.61728622996951,0,21.61,1.89
2023-01-01 16:00:00,T-006,1.5457437729441776,92.74462637665066,0,39.3,4.96
2023-01-03 05:50:00,T-002,2.728573532843455,163.7144119706073,0,47.23,4.76
2023-01-13 23:20:00,T-009,0.13950175932019648,8.370105559211789,0,26.72,2.38
2023-01-02 10:30:00,T-007,2.7261039278081034,163.5662356684862,0,50.71,0.8
2023-01-05 12:50:00,T-010,1.7652379000218164,105.91427400130898,0,37.96,0.44
2023-01-13 21:30:00,T-006,1.286660636583116,77.19963819498696,0,50.36,3.16
2023-01-01 17:20:00,T-007,2.2436148122766855,134.61688873660114,0,550.0,0.66
2023-01-09 22:10:00,T-012,0.635266051996435,38.1159631197861,0,44.98,1.33
2023-01-11 16:40:00,T-010,1.795594727053097,-999.0,0,,
2023-01-13 01:40:00,T-003,2.475392002998346,148.52352017990074,0,41.72,1.97
2023-01-12 10:40:00,T-002,1.844934721023397,110.69608326140383,0,57.14,4.86
2023-01-04 03:40:00,T-010,2.6476004574588,158.856027447528,0,43.54,4.72
2023-01-14 14:00:00,T-006,0.6482713595559225,38.89628157335535,0,57.64,4.15
2023-01-04 07:50:00,T-007,2.8546499230659808,171.27899538395886,0,59.63,2.9
2023-01-01 23:50:00,T-004,2.0871428785492503,125.22857271295501,0,54.98,1.56
2023-01-13 00:40:00,T-003,2.08624694498416,125.17481669904959,0,40.04,4.51
2023-01-13 07:30:00,T-002,2.2199591600568356,133.19754960341012,0,55.67,1.02
2023-01-14 07:10:00,T-002,0.5490463327041815,32.94277996225089,0,29.78,1.61
2023-01-02 20:50:00,T-012,1.3378749210309644,80.27249526185787,0,22.19,4.23
2023-01-02 02:00:00,T-004,1.54823706133085,92.894223679851,0,26.56,2.34
2023-01-07 21:20:00,T-012,0.9061815055043851,54.37089033026311,0,56.71,1.68
2023-01-02 13:40:00,T-006,0.347531570340773,20.85189422044638,0,43.14,3.58
2023-01-07 11:30:00,T-009,2.7888176322659675,167.32905793595805,0,52.38,0.24
2023-01-07 11:40:00,T-009,1.5967806400171205,95.80683840102724,0,54.49,1.65
2023-01-13 17:50:00,T-006,1.4161813025909948,84.97087815545969,0,24.69,4.37
2023-01-10 06:30:00,T-010,1.444904539604587,86.69427237627522,0,37.36,2.68
2023-01-03 17:10:00,T-014,0.4824764072345702,28.948584434074213,0,29.26,3.54
2023-01-10 17:50:00,T-010,2.8686665719468447,172.11999431681068,0,57.7,3.14
2023-01-14 19:10:00,T-004,1.9788880991842266,118.7332859510536,0,50.69,4.96
2023-01-02 18:20:00,T-007,0.499132760796817,29.94796564780902,0,55.97,0.66
2023-01-12 03:50:00,T-010,1.0271509081006394,61.62905448603836,0,33.09,1.92
2023-01-04 18:50:00,T-012,0.48501763244040796,29.10105794642448,0,24.7,1.21
2023-01-11 23:20:00,T-006,2.2445757179369927,134.67454307621955,0,37.97,1.33
2023-01-10 16:10:00,T-010,0.7304339052146017,43.826034312876104,0,24.75,2.03
2023-01-02 08:50:00,T-010,2.637214440684395,158.2328664410637,0,24.73,2.04
2023-01-05 05:40:00,T-012,1.3974384210607456,83.84630526364474,0,26.2,1.21
2023-01-09 20:50:00,T-006,0.053063428839771665,3.1838057303863,0,41.5,0.82
2023-01-04 08:00:00,T-007,0.37265990018417805,22.35959401105068,0,,
2023-01-04 05:00:00,T-012,0.966284106658006,57.97704639948036,0,23.03,3.99
2023-01-06 09:00:00,T-010,0.7324418712671228,43.94651227602737,0,27.85,3.62
2023-01-07 21:10:00,T-010,0.7669349934278169,46.01609960566901,0,23.55,2.62
2023-01-11 02:30:00,T-012,2.2386217724455157,134.31730634673096,0,26.34,4.43
2023-01-10 15:10:00,T-006,0.7980578340161422,47.88347004096853,0,30.3,4.69
2023-01-03 23:20:00,T-006,2.2474849173038494,134.84909503823096,0,36.07,4.01
2023-01-03 03:30:00,T-006,0.6901610490943018,41.409662945658106,0,44.81,2.19
2023-01-10 14:30:00,T-010,1.9382703703875241,116.29622222325145,0,41.81,1.84
2023-01-14 06:50:00,T-010,2.841107963216169,170.46647779297015,0,40.61,3.05
2023-01-02 21:20:00,T-010,1.9427209302057227,116.56325581234336,0,48.37,0.3
2023-01-01 18:50:00,T-009,2.5803804492537714,154.82282695522628,0,27.48,4.36
